6980,1,1.0,0.0,0.0,0.0,0.0,0.0,0.0
6081,1,1.0,0.0,0.0,0.0,0.0,0.0,0.0
5301,1,1.0,0.0,0.0,0.0,0.0,0.0,0.0
5300,1,1.0,0.0,0.0,0.0,0.0,0.0,0.0
5732,1,1.0,0.0,0.0,0.0,0.0,0.0,0.0
5003,1,1.0,0.0,0.0,0.0,0.0,0.0,0.0
5060,1,1.0,0.0,0.0,0.0,0.0,0.0,0.0
6265,1,1.0,0.0,0.0,0.0,0.0,0.0,0.0
8501,1,1.0,0.0,0.0,0.0,0.0,0.0,0.0
8551,1,1.0,0.0,0.0,0.0,0.0,0.0,0.0
8700,1,1.0,0.0,0.0,0.0,0.0,0.0,0.0
8400,1,1.0,0.0,0.0,0.0,0.0,0.0,0.0
8511,1,1.0,0.0,0.0,0.0,0.0,0.0,0.0
8278,1,1.0,0.0,0.0,0.0,0.0,0.0,0.0
8270,1,1.0,0.0,0.0,0.0,0.0,0.0,0.0
8277,1,1.0,0.0,0.0,0.0,0.0,0.0,0.0
44822,1,1.0,0.0,0.0,0.0,0.0,0.0,0.0
6281,1,1.0,0.0,0.0,0.0,0.0,0.0,0.0
6000,1,1.0,0.0,0.0,0.0,0.0,0.0,0.0
6371,1,1.0,0.0,0.0,0.0,0.0,0.0,0.0
8475,1,1.0,0.0,0.0,0.0,0.0,0.0,0.0
5045,1,1.0,0.0,0.0,0.0,0.0,0.0,0.0
8389,1,1.0,0.0,0.0,0.0,0.0,0.0,0.0
5941,1,1.0,0.0,0.0,0.0,0.0,0.0,0.0
6358,1,1.0,0.0,0.0,0.0,0.0,0.0,0.0
6349,1,1.0,0.0,0.0,0.0,0.0,0.0,0.0
8666,1,1.0,0.0,0.0,0.0,0.0,0.0,0.0
6351,1,1.0,0.0,0.0,0.0,0.0,0.0,0.0
8668,1,1.0,0.0,0.0,0.0,0.0,0.0,0.0
6334,1,1.0,0.0,0.0,0.0,0.0,0.0,0.0
6363,1,1.0,0.0,0.0,0.0,0.0,0.0,0.0
6361,1,1.0,0.0,0.0,0.0,0.0,0.0,0.0
6315,1,1.0,0.0,0.0,0.0,0.0,0.0,0.0
6360,1,1.0,0.0,0.0,0.0,0.0,0.0,0.0
6075,1,1.0,0.0,0.0,0.0,0.0,0.0,0.0
5969,1,1.0,0.0,0.0,0.0,0.0,0.0,0.0
5980,1,1.0,0.0,0.0,0.0,0.0,0.0,0.0
5701,1,1.0,0.0,0.0,0.0,0.0,0.0,0.0
6107,1,1.0,0.0,0.0,0.0,0.0,0.0,0.0
6771,1,1.0,0.0,0.0,0.0,0.0,0.0,0.0
5751,1,1.0,0.0,0.0,0.0,0.0,0.0,0.0
5750,1,1.0,0.0,0.0,0.0,0.0,0.0,0.0
5756,1,1.0,0.0,0.0,0.0,0.0,0.0,0.0
5752,1,1.0,0.0,0.0,0.0,0.0,0.0,0.0
5739,1,1.0,0.0,0.0,0.0,0.0,0.0,0.0
6302,1,1.0,0.0,0.0,0.0,0.0,0.0,0.0
8656,1,1.0,0.0,0.0,0.0,0.0,0.0,0.0
6621,1,1.0,0.0,0.0,0.0,0.0,0.0,0.0
5049,1,1.0,0.0,0.0,0.0,0.0,0.0,0.0
5802,1,1.0,0.0,0.0,0.0,0.0,0.0,0.0
8386,1,1.0,0.0,0.0,0.0,0.0,0.0,0.0
6204,1,1.0,0.0,0.0,0.0,0.0,0.0,0.0
5782,1,1.0,0.0,0.0,0.0,0.0,0.0,0.0
5906,1,1.0,0.0,0.0,0.0,0.0,0.0,0.0
6716,1,1.0,0.0,0.0,0.0,0.0,0.0,0.0
5974,1,1.0,0.0,0.0,0.0,0.0,0.0,0.0
5972,1,1.0,0.0,0.0,0.0,0.0,0.0,0.0
6280,1,1.0,0.0,0.0,0.0,0.0,0.0,0.0
8161,1,1.0,0.0,0.0,0.0,0.0,0.0,0.0
8136,1,1.0,0.0,0.0,0.0,0.0,0.0,0.0
5904,1,1.0,0.0,0.0,0.0,0.0,0.0,0.0
5902,1,1.0,0.0,0.0,0.0,0.0,0.0,0.0
5755,1,1.0,0.0,0.0,0.0,0.0,0.0,0.0
5797,1,1.0,0.0,0.0,0.0,0.0,0.0,0.0
8980,1,1.0,0.0,0.0,0.0,0.0,0.0,0.0
5819,1,1.0,0.0,0.0,0.0,0.0,0.0,0.0
6620,1,1.0,0.0,0.0,0.0,0.0,0.0,0.0
6061,1,1.0,0.0,0.0,0.0,0.0,0.0,0.0
6060,1,1.0,0.0,0.0,0.0,0.0,0.0,0.0
7212,1,1.0,0.0,0.0,0.0,0.0,0.0,0.0
5881,1,1.0,0.0,0.0,0.0,0.0,0.0,0.0
6748,1,1.0,0.0,0.0,0.0,0.0,0.0,0.0
6359,1,1.0,0.0,0.0,0.0,0.0,0.0,0.0
5912,1,1.0,0.0,0.0,0.0,0.0,0.0,0.0
6171,1,1.0,0.0,0.0,0.0,0.0,0.0,0.0
6221,1,1.0,0.0,0.0,0.0,0.0,0.0,0.0
6220,1,1.0,0.0,0.0,0.0,0.0,0.0,0.0
6341,1,1.0,0.0,0.0,0.0,0.0,0.0,0.0
5787,1,1.0,0.0,0.0,0.0,0.0,0.0,0.0
5995,1,1.0,0.0,0.0,0.0,0.0,0.0,0.0
7280,1,1.0,0.0,0.0,0.0,0.0,0.0,0.0
6321,1,1.0,0.0,0.0,0.0,0.0,0.0,0.0
6311,1,1.0,0.0,0.0,0.0,0.0,0.0,0.0
7186,1,1.0,0.0,0.0,0.0,0.0,0.0,0.0
6500,1,1.0,0.0,0.0,0.0,0.0,0.0,0.0
8179,1,1.0,0.0,0.0,0.0,0.0,0.0,0.0
6291,1,1.0,0.0,0.0,0.0,0.0,0.0,0.0
6738,1,1.0,0.0,0.0,0.0,0.0,0.0,0.0
6380,1,1.0,0.0,0.0,0.0,0.0,0.0,0.0
6290,1,1.0,0.0,0.0,0.0,0.0,0.0,0.0
8194,1,1.0,0.0,0.0,0.0,0.0,0.0,0.0
5740,1,1.0,0.0,0.0,0.0,0.0,0.0,0.0
6071,1,1.0,0.0,0.0,0.0,0.0,0.0,0.0
5001,1,1.0,0.0,0.0,0.0,0.0,0.0,0.0
5907,1,1.0,0.0,0.0,0.0,0.0,0.0,0.0
5057,1,1.0,0.0,0.0,0.0,0.0,0.0,0.0
5861,1,1.0,0.0,0.0,0.0,0.0,0.0,0.0
5860,1,1.0,0.0,0.0,0.0,0.0,0.0,0.0
5842,1,1.0,0.0,0.0,0.0,0.0,0.0,0.0
8219,1,1.0,0.0,0.0,0.0,0.0,0.0,0.0
8171,1,1.0,0.0,0.0,0.0,0.0,0.0,0.0
6444,1,1.0,0.0,0.0,0.0,0.0,0.0,0.0
6317,1,1.0,0.0,0.0,0.0,0.0,0.0,0.0
44628,1,1.0,0.0,0.0,0.0,0.0,0.0,0.0
6796,1,1.0,0.0,0.0,0.0,0.0,0.0,0.0
8714,1,1.0,0.0,0.0,0.0,0.0,0.0,0.0
5988,1,1.0,0.0,0.0,0.0,0.0,0.0,0.0
6368,1,1.0,0.0,0.0,0.0,0.0,0.0,0.0
5891,1,1.0,0.0,0.0,0.0,0.0,0.0,0.0
44827,1,1.0,0.0,0.0,0.0,0.0,0.0,0.0
5993,1,1.0,0.0,0.0,0.0,0.0,0.0,0.0
5871,1,1.0,0.0,0.0,0.0,0.0,0.0,0.0
8383,1,1.0,0.0,0.0,0.0,0.0,0.0,0.0
7907,1,1.0,0.0,0.0,0.0,0.0,0.0,0.0
5029,1,1.0,0.0,0.0,0.0,0.0,0.0,0.0
5028,1,1.0,0.0,0.0,0.0,0.0,0.0,0.0
8081,1,1.0,0.0,0.0,0.0,0.0,0.0,0.0
5882,1,1.0,0.0,0.0,0.0,0.0,0.0,0.0
5970,1,1.0,0.0,0.0,0.0,0.0,0.0,0.0
5021,1,1.0,0.0,0.0,0.0,0.0,0.0,0.0
6301,1,1.0,0.0,0.0,0.0,0.0,0.0,0.0
6300,1,1.0,0.0,0.0,0.0,0.0,0.0,0.0
5821,1,1.0,0.0,0.0,0.0,0.0,0.0,0.0
44494,1,1.0,0.0,0.0,0.0,0.0,0.0,0.0
8377,1,1.0,0.0,0.0,0.0,0.0,0.0,0.0
8163,1,1.0,0.0,0.0,0.0,0.0,0.0,0.0
5381,1,1.0,0.0,0.0,0.0,0.0,0.0,0.0
5434,1,1.0,0.0,0.0,0.0,0.0,0.0,0.0
5486,1,1.0,0.0,0.0,0.0,0.0,0.0,0.0
5318,1,1.0,0.0,0.0,0.0,0.0,0.0,0.0
5421,1,1.0,0.0,0.0,0.0,0.0,0.0,0.0
5035,1,1.0,0.0,0.0,0.0,0.0,0.0,0.0
6530,1,1.0,0.0,0.0,0.0,0.0,0.0,0.0
5651,1,1.0,0.0,0.0,0.0,0.0,0.0,0.0
5471,1,1.0,0.0,0.0,0.0,0.0,0.0,0.0
6759,1,1.0,0.0,0.0,0.0,0.0,0.0,0.0
5453,1,1.0,0.0,0.0,0.0,0.0,0.0,0.0
5452,1,1.0,0.0,0.0,0.0,0.0,0.0,0.0
5458,1,1.0,0.0,0.0,0.0,0.0,0.0,0.0
5451,1,1.0,0.0,0.0,0.0,0.0,0.0,0.0
6013,1,1.0,0.0,0.0,0.0,0.0,0.0,0.0
6011,1,1.0,0.0,0.0,0.0,0.0,0.0,0.0
5631,1,1.0,0.0,0.0,0.0,0.0,0.0,0.0
8165,1,1.0,0.0,0.0,0.0,0.0,0.0,0.0
5380,1,1.0,0.0,0.0,0.0,0.0,0.0,0.0
5411,1,1.0,0.0,0.0,0.0,0.0,0.0,0.0
5408,1,1.0,0.0,0.0,0.0,0.0,0.0,0.0
5527,1,1.0,0.0,0.0,0.0,0.0,0.0,0.0
5371,1,1.0,0.0,0.0,0.0,0.0,0.0,0.0
5370,1,1.0,0.0,0.0,0.0,0.0,0.0,0.0
5656,1,1.0,0.0,0.0,0.0,0.0,0.0,0.0
44858,1,1.0,0.0,0.0,0.0,0.0,0.0,0.0
7184,1,1.0,0.0,0.0,0.0,0.0,0.0,0.0
5428,1,1.0,0.0,0.0,0.0,0.0,0.0,0.0
5337,1,1.0,0.0,0.0,0.0,0.0,0.0,0.0
5481,1,1.0,0.0,0.0,0.0,0.0,0.0,0.0
5480,1,1.0,0.0,0.0,0.0,0.0,0.0,0.0
8016,1,1.0,0.0,0.0,0.0,0.0,0.0,0.0
6766,1,1.0,0.0,0.0,0.0,0.0,0.0,0.0
8440,1,1.0,0.0,0.0,0.0,0.0,0.0,0.0
8240,1,1.0,0.0,0.0,0.0,0.0,0.0,0.0
5176,1,1.0,0.0,0.0,0.0,0.0,0.0,0.0
5537,1,1.0,0.0,0.0,0.0,0.0,0.0,0.0
5449,1,1.0,0.0,0.0,0.0,0.0,0.0,0.0
5652,1,1.0,0.0,0.0,0.0,0.0,0.0,0.0
227,1,1.0,0.0,0.0,0.0,0.0,0.0,0.0
3699,1,1.0,0.0,0.0,0.0,0.0,0.0,0.0
228,1,1.0,0.0,0.0,0.0,0.0,0.0,0.0
219,1,1.0,0.0,0.0,0.0,0.0,0.0,0.0
233,1,1.0,0.0,0.0,0.0,0.0,0.0,0.0
3022,1,1.0,0.0,0.0,0.0,0.0,0.0,0.0
2654,1,1.0,0.0,0.0,0.0,0.0,0.0,0.0
2614,1,1.0,0.0,0.0,0.0,0.0,0.0,0.0
3035,1,1.0,0.0,0.0,0.0,0.0,0.0,0.0
3034,1,1.0,0.0,0.0,0.0,0.0,0.0,0.0
3032,1,1.0,0.0,0.0,0.0,0.0,0.0,0.0
90,1,1.0,0.0,0.0,0.0,0.0,0.0,0.0
2590,1,1.0,0.0,0.0,0.0,0.0,0.0,0.0
229,1,1.0,0.0,0.0,0.0,0.0,0.0,0.0
760,1,1.0,0.0,0.0,0.0,0.0,0.0,0.0
790,1,1.0,0.0,0.0,0.0,0.0,0.0,0.0
9444,1,1.0,0.0,0.0,0.0,0.0,0.0,0.0
3714,1,1.0,0.0,0.0,0.0,0.0,0.0,0.0
3018,1,1.0,0.0,0.0,0.0,0.0,0.0,0.0
2992,1,1.0,0.0,0.0,0.0,0.0,0.0,0.0
763,1,1.0,0.0,0.0,0.0,0.0,0.0,0.0
3023,1,1.0,0.0,0.0,0.0,0.0,0.0,0.0
4531,1,1.0,0.0,0.0,0.0,0.0,0.0,0.0
9441,1,1.0,0.0,0.0,0.0,0.0,0.0,0.0
2988,1,1.0,0.0,0.0,0.0,0.0,0.0,0.0
1084,1,1.0,0.0,0.0,0.0,0.0,0.0,0.0
3025,1,1.0,0.0,0.0,0.0,0.0,0.0,0.0
3007,1,1.0,0.0,0.0,0.0,0.0,0.0,0.0
797,1,1.0,0.0,0.0,0.0,0.0,0.0,0.0
2990,1,1.0,0.0,0.0,0.0,0.0,0.0,0.0
2978,1,1.0,0.0,0.0,0.0,0.0,0.0,0.0
299,1,1.0,0.0,0.0,0.0,0.0,0.0,0.0
218,1,1.0,0.0,0.0,0.0,0.0,0.0,0.0
3723,1,1.0,0.0,0.0,0.0,0.0,0.0,0.0
3518,1,1.0,0.0,0.0,0.0,0.0,0.0,0.0
231,1,1.0,0.0,0.0,0.0,0.0,0.0,0.0
230,1,1.0,0.0,0.0,0.0,0.0,0.0,0.0
4571,1,1.0,0.0,0.0,0.0,0.0,0.0,0.0
749,1,1.0,0.0,0.0,0.0,0.0,0.0,0.0
3965,1,1.0,0.0,0.0,0.0,0.0,0.0,0.0
220,1,1.0,0.0,0.0,0.0,0.0,0.0,0.0
235,1,1.0,0.0,0.0,0.0,0.0,0.0,0.0
766,1,1.0,0.0,0.0,0.0,0.0,0.0,0.0
6700,1,1.0,0.0,0.0,0.0,0.0,0.0,0.0
5684,1,1.0,0.0,0.0,0.0,0.0,0.0,0.0
5391,1,1.0,0.0,0.0,0.0,0.0,0.0,0.0
5685,1,1.0,0.0,0.0,0.0,0.0,0.0,0.0
44118,1,1.0,0.0,0.0,0.0,0.0,0.0,0.0
8011,1,1.0,0.0,0.0,0.0,0.0,0.0,0.0
8007,1,1.0,0.0,0.0,0.0,0.0,0.0,0.0
6001,1,1.0,0.0,0.0,0.0,0.0,0.0,0.0
5556,1,1.0,0.0,0.0,0.0,0.0,0.0,0.0
5591,1,1.0,0.0,0.0,0.0,0.0,0.0,0.0
5590,1,1.0,0.0,0.0,0.0,0.0,0.0,0.0
5551,1,1.0,0.0,0.0,0.0,0.0,0.0,0.0
5550,1,1.0,0.0,0.0,0.0,0.0,0.0,0.0
5541,1,1.0,0.0,0.0,0.0,0.0,0.0,0.0
5540,1,1.0,0.0,0.0,0.0,0.0,0.0,0.0
5581,1,1.0,0.0,0.0,0.0,0.0,0.0,0.0
5580,1,1.0,0.0,0.0,0.0,0.0,0.0,0.0
5649,1,1.0,0.0,0.0,0.0,0.0,0.0,0.0
5610,1,1.0,0.0,0.0,0.0,0.0,0.0,0.0
1596,1,1.0,0.0,0.0,0.0,0.0,0.0,0.0
4070,1,1.0,0.0,0.0,0.0,0.0,0.0,0.0
4043,1,1.0,0.0,0.0,0.0,0.0,0.0,0.0
4349,1,1.0,0.0,0.0,0.0,0.0,0.0,0.0
308,1,1.0,0.0,0.0,0.0,0.0,0.0,0.0
313,1,1.0,0.0,0.0,0.0,0.0,0.0,0.0
4050,1,1.0,0.0,0.0,0.0,0.0,0.0,0.0
4337,1,1.0,0.0,0.0,0.0,0.0,0.0,0.0
1495,1,1.0,0.0,0.0,0.0,0.0,0.0,0.0
9051,1,1.0,0.0,0.0,0.0,0.0,0.0,0.0
4358,1,1.0,0.0,0.0,0.0,0.0,0.0,0.0
9004,1,1.0,0.0,0.0,0.0,0.0,0.0,0.0
320,1,1.0,0.0,0.0,0.0,0.0,0.0,0.0
3010,1,1.0,0.0,0.0,0.0,0.0,0.0,0.0
1529,1,1.0,0.0,0.0,0.0,0.0,0.0,0.0
4352,1,1.0,0.0,0.0,0.0,0.0,0.0,0.0
7784,1,1.0,0.0,0.0,0.0,0.0,0.0,0.0
9024,1,1.0,0.0,0.0,0.0,0.0,0.0,0.0
1530,1,1.0,0.0,0.0,0.0,0.0,0.0,0.0
4071,1,1.0,0.0,0.0,0.0,0.0,0.0,0.0
1534,1,1.0,0.0,0.0,0.0,0.0,0.0,0.0
9017,1,1.0,0.0,0.0,0.0,0.0,0.0,0.0
9016,1,1.0,0.0,0.0,0.0,0.0,0.0,0.0
4075,1,1.0,0.0,0.0,0.0,0.0,0.0,0.0
7442,1,1.0,0.0,0.0,0.0,0.0,0.0,0.0
4311,1,1.0,0.0,0.0,0.0,0.0,0.0,0.0
4350,1,1.0,0.0,0.0,0.0,0.0,0.0,0.0
331,1,1.0,0.0,0.0,0.0,0.0,0.0,0.0
325,1,1.0,0.0,0.0,0.0,0.0,0.0,0.0
326,1,1.0,0.0,0.0,0.0,0.0,0.0,0.0
1520,1,1.0,0.0,0.0,0.0,0.0,0.0,0.0
336,1,1.0,0.0,0.0,0.0,0.0,0.0,0.0
9506,1,1.0,0.0,0.0,0.0,0.0,0.0,0.0
341,1,1.0,0.0,0.0,0.0,0.0,0.0,0.0
345,1,1.0,0.0,0.0,0.0,0.0,0.0,0.0
344,1,1.0,0.0,0.0,0.0,0.0,0.0,0.0
349,1,1.0,0.0,0.0,0.0,0.0,0.0,0.0
4598,1,1.0,0.0,0.0,0.0,0.0,0.0,0.0
4353,1,1.0,0.0,0.0,0.0,0.0,0.0,0.0
350,1,1.0,0.0,0.0,0.0,0.0,0.0,0.0
360,1,1.0,0.0,0.0,0.0,0.0,0.0,0.0
385,1,1.0,0.0,0.0,0.0,0.0,0.0,0.0
3008,1,1.0,0.0,0.0,0.0,0.0,0.0,0.0
3344,1,1.0,0.0,0.0,0.0,0.0,0.0,0.0
4051,1,1.0,0.0,0.0,0.0,0.0,0.0,0.0
4049,1,1.0,0.0,0.0,0.0,0.0,0.0,0.0
367,1,1.0,0.0,0.0,0.0,0.0,0.0,0.0
4333,1,1.0,0.0,0.0,0.0,0.0,0.0,0.0
4351,1,1.0,0.0,0.0,0.0,0.0,0.0,0.0
1497,1,1.0,0.0,0.0,0.0,0.0,0.0,0.0
4098,1,1.0,0.0,0.0,0.0,0.0,0.0,0.0
391,1,1.0,0.0,0.0,0.0,0.0,0.0,0.0
1475,1,1.0,0.0,0.0,0.0,0.0,0.0,0.0
370,1,1.0,0.0,0.0,0.0,0.0,0.0,0.0
4040,1,1.0,0.0,0.0,0.0,0.0,0.0,0.0
3012,1,1.0,0.0,0.0,0.0,0.0,0.0,0.0
138,1,1.0,0.0,0.0,0.0,0.0,0.0,0.0
102,1,1.0,0.0,0.0,0.0,0.0,0.0,0.0
373,1,1.0,0.0,0.0,0.0,0.0,0.0,0.0
372,1,1.0,0.0,0.0,0.0,0.0,0.0,0.0
380,1,1.0,0.0,0.0,0.0,0.0,0.0,0.0
216,1,1.0,0.0,0.0,0.0,0.0,0.0,0.0
136,1,1.0,0.0,0.0,0.0,0.0,0.0,0.0
225,1,1.0,0.0,0.0,0.0,0.0,0.0,0.0
217,1,1.0,0.0,0.0,0.0,0.0,0.0,0.0
210,1,1.0,0.0,0.0,0.0,0.0,0.0,0.0
213,1,1.0,0.0,0.0,0.0,0.0,0.0,0.0
100,1,1.0,0.0,0.0,0.0,0.0,0.0,0.0
1079,1,1.0,0.0,0.0,0.0,0.0,0.0,0.0
1080,1,1.0,0.0,0.0,0.0,0.0,0.0,0.0
1078,1,1.0,0.0,0.0,0.0,0.0,0.0,0.0
1089,1,1.0,0.0,0.0,0.0,0.0,0.0,0.0
1025,1,1.0,0.0,0.0,0.0,0.0,0.0,0.0
1086,1,1.0,0.0,0.0,0.0,0.0,0.0,0.0
10101,1,1.0,0.0,0.0,0.0,0.0,0.0,0.0
1889,1,1.0,0.0,0.0,0.0,0.0,0.0,0.0
1077,1,1.0,0.0,0.0,0.0,0.0,0.0,0.0
1088,1,1.0,0.0,0.0,0.0,0.0,0.0,0.0
4973,1,1.0,0.0,0.0,0.0,0.0,0.0,0.0
4502,1,1.0,0.0,0.0,0.0,0.0,0.0,0.0
4684,1,1.0,0.0,0.0,0.0,0.0,0.0,0.0
4515,1,1.0,0.0,0.0,0.0,0.0,0.0,0.0
4514,1,1.0,0.0,0.0,0.0,0.0,0.0,0.0
4495,1,1.0,0.0,0.0,0.0,0.0,0.0,0.0
4532,1,1.0,0.0,0.0,0.0,0.0,0.0,0.0
4892,1,1.0,0.0,0.0,0.0,0.0,0.0,0.0
4869,1,1.0,0.0,0.0,0.0,0.0,0.0,0.0
4862,1,1.0,0.0,0.0,0.0,0.0,0.0,0.0
4700,1,1.0,0.0,0.0,0.0,0.0,0.0,0.0
4868,1,1.0,0.0,0.0,0.0,0.0,0.0,0.0
7736,1,1.0,0.0,0.0,0.0,0.0,0.0,0.0
4542,1,1.0,0.0,0.0,0.0,0.0,0.0,0.0
4552,1,1.0,0.0,0.0,0.0,0.0,0.0,0.0
4594,1,1.0,0.0,0.0,0.0,0.0,0.0,0.0
4565,1,1.0,0.0,0.0,0.0,0.0,0.0,0.0
4471,1,1.0,0.0,0.0,0.0,0.0,0.0,0.0
4494,1,1.0,0.0,0.0,0.0,0.0,0.0,0.0
4518,1,1.0,0.0,0.0,0.0,0.0,0.0,0.0
4517,1,1.0,0.0,0.0,0.0,0.0,0.0,0.0
4522,1,1.0,0.0,0.0,0.0,0.0,0.0,0.0
4573,1,1.0,0.0,0.0,0.0,0.0,0.0,0.0
4582,1,1.0,0.0,0.0,0.0,0.0,0.0,0.0
4720,1,1.0,0.0,0.0,0.0,0.0,0.0,0.0
4469,1,1.0,0.0,0.0,0.0,0.0,0.0,0.0
4521,1,1.0,0.0,0.0,0.0,0.0,0.0,0.0
4592,1,1.0,0.0,0.0,0.0,0.0,0.0,0.0
6521,1,1.0,0.0,0.0,0.0,0.0,0.0,0.0
6730,1,1.0,0.0,0.0,0.0,0.0,0.0,0.0
6407,1,1.0,0.0,0.0,0.0,0.0,0.0,0.0
6489,1,1.0,0.0,0.0,0.0,0.0,0.0,0.0
6471,1,1.0,0.0,0.0,0.0,0.0,0.0,0.0
6561,1,1.0,0.0,0.0,0.0,0.0,0.0,0.0
6441,1,1.0,0.0,0.0,0.0,0.0,0.0,0.0
6440,1,1.0,0.0,0.0,0.0,0.0,0.0,0.0
8250,1,1.0,0.0,0.0,0.0,0.0,0.0,0.0
8200,1,1.0,0.0,0.0,0.0,0.0,0.0,0.0
8311,1,1.0,0.0,0.0,0.0,0.0,0.0,0.0
8321,1,1.0,0.0,0.0,0.0,0.0,0.0,0.0
6661,1,1.0,0.0,0.0,0.0,0.0,0.0,0.0
6660,1,1.0,0.0,0.0,0.0,0.0,0.0,0.0
6400,1,1.0,0.0,0.0,0.0,0.0,0.0,0.0
6710,1,1.0,0.0,0.0,0.0,0.0,0.0,0.0
8300,1,1.0,0.0,0.0,0.0,0.0,0.0,0.0
6542,1,1.0,0.0,0.0,0.0,0.0,0.0,0.0
6541,1,1.0,0.0,0.0,0.0,0.0,0.0,0.0
6562,1,1.0,0.0,0.0,0.0,0.0,0.0,0.0
6754,1,1.0,0.0,0.0,0.0,0.0,0.0,0.0
6551,1,1.0,0.0,0.0,0.0,0.0,0.0,0.0
6416,1,1.0,0.0,0.0,0.0,0.0,0.0,0.0
6430,1,1.0,0.0,0.0,0.0,0.0,0.0,0.0
6535,1,1.0,0.0,0.0,0.0,0.0,0.0,0.0
6461,1,1.0,0.0,0.0,0.0,0.0,0.0,0.0
8100,1,1.0,0.0,0.0,0.0,0.0,0.0,0.0
5235,1,1.0,0.0,0.0,0.0,0.0,0.0,0.0
5222,1,1.0,0.0,0.0,0.0,0.0,0.0,0.0
5202,1,1.0,0.0,0.0,0.0,0.0,0.0,0.0
5200,1,1.0,0.0,0.0,0.0,0.0,0.0,0.0
7979,1,1.0,0.0,0.0,0.0,0.0,0.0,0.0
5621,1,1.0,0.0,0.0,0.0,0.0,0.0,0.0
5217,1,1.0,0.0,0.0,0.0,0.0,0.0,0.0
5837,1,1.0,0.0,0.0,0.0,0.0,0.0,0.0
5211,1,1.0,0.0,0.0,0.0,0.0,0.0,0.0
7978,1,1.0,0.0,0.0,0.0,0.0,0.0,0.0
7980,1,1.0,0.0,0.0,0.0,0.0,0.0,0.0
8396,1,1.0,0.0,0.0,0.0,0.0,0.0,0.0
5186,1,1.0,0.0,0.0,0.0,0.0,0.0,0.0
5100,1,1.0,0.0,0.0,0.0,0.0,0.0,0.0
5101,1,1.0,0.0,0.0,0.0,0.0,0.0,0.0
5092,1,1.0,0.0,0.0,0.0,0.0,0.0,0.0
5152,1,1.0,0.0,0.0,0.0,0.0,0.0,0.0
5401,1,1.0,0.0,0.0,0.0,0.0,0.0,0.0
8192,1,1.0,0.0,0.0,0.0,0.0,0.0,0.0
5098,1,1.0,0.0,0.0,0.0,0.0,0.0,0.0
6067,1,1.0,0.0,0.0,0.0,0.0,0.0,0.0
7933,1,1.0,0.0,0.0,0.0,0.0,0.0,0.0
44629,1,1.0,0.0,0.0,0.0,0.0,0.0,0.0
5420,1,1.0,0.0,0.0,0.0,0.0,0.0,0.0
5201,1,1.0,0.0,0.0,0.0,0.0,0.0,0.0
5091,1,1.0,0.0,0.0,0.0,0.0,0.0,0.0
5090,1,1.0,0.0,0.0,0.0,0.0,0.0,0.0
5346,1,1.0,0.0,0.0,0.0,0.0,0.0,0.0
6663,1,1.0,0.0,0.0,0.0,0.0,0.0,0.0
5341,1,1.0,0.0,0.0,0.0,0.0,0.0,0.0
5181,1,1.0,0.0,0.0,0.0,0.0,0.0,0.0
5180,1,1.0,0.0,0.0,0.0,0.0,0.0,0.0
5133,1,1.0,0.0,0.0,0.0,0.0,0.0,0.0
5131,1,1.0,0.0,0.0,0.0,0.0,0.0,0.0
5141,1,1.0,0.0,0.0,0.0,0.0,0.0,0.0
5140,1,1.0,0.0,0.0,0.0,0.0,0.0,0.0
5281,1,1.0,0.0,0.0,0.0,0.0,0.0,0.0
5361,1,1.0,0.0,0.0,0.0,0.0,0.0,0.0
5362,1,1.0,0.0,0.0,0.0,0.0,0.0,0.0
5121,1,1.0,0.0,0.0,0.0,0.0,0.0,0.0
5050,1,1.0,0.0,0.0,0.0,0.0,0.0,0.0
5372,1,1.0,0.0,0.0,0.0,0.0,0.0,0.0
5364,1,1.0,0.0,0.0,0.0,0.0,0.0,0.0
5511,1,1.0,0.0,0.0,0.0,0.0,0.0,0.0
7181,1,1.0,0.0,0.0,0.0,0.0,0.0,0.0
5303,1,1.0,0.0,0.0,0.0,0.0,0.0,0.0
6641,1,1.0,0.0,0.0,0.0,0.0,0.0,0.0
6640,1,1.0,0.0,0.0,0.0,0.0,0.0,0.0
6631,1,1.0,0.0,0.0,0.0,0.0,0.0,0.0
5305,1,1.0,0.0,0.0,0.0,0.0,0.0,0.0
7190,1,1.0,0.0,0.0,0.0,0.0,0.0,0.0
8198,1,1.0,0.0,0.0,0.0,0.0,0.0,0.0
5699,1,1.0,0.0,0.0,0.0,0.0,0.0,0.0
6743,1,1.0,0.0,0.0,0.0,0.0,0.0,0.0
8338,1,1.0,0.0,0.0,0.0,0.0,0.0,0.0
5671,1,1.0,0.0,0.0,0.0,0.0,0.0,0.0
5679,1,1.0,0.0,0.0,0.0,0.0,0.0,0.0
5491,1,1.0,0.0,0.0,0.0,0.0,0.0,0.0
5436,1,1.0,0.0,0.0,0.0,0.0,0.0,0.0
8188,1,1.0,0.0,0.0,0.0,0.0,0.0,0.0
5571,1,1.0,0.0,0.0,0.0,0.0,0.0,0.0
5570,1,1.0,0.0,0.0,0.0,0.0,0.0,0.0
8167,1,1.0,0.0,0.0,0.0,0.0,0.0,0.0
5501,1,1.0,0.0,0.0,0.0,0.0,0.0,0.0
5502,1,1.0,0.0,0.0,0.0,0.0,0.0,0.0
5500,1,1.0,0.0,0.0,0.0,0.0,0.0,0.0
44095,1,1.0,0.0,0.0,0.0,0.0,0.0,0.0
7257,1,1.0,0.0,0.0,0.0,0.0,0.0,0.0
7271,1,1.0,0.0,0.0,0.0,0.0,0.0,0.0
9892,1,1.0,0.0,0.0,0.0,0.0,0.0,0.0
878,1,1.0,0.0,0.0,0.0,0.0,0.0,0.0
934,1,1.0,0.0,0.0,0.0,0.0,0.0,0.0
933,1,1.0,0.0,0.0,0.0,0.0,0.0,0.0
814,1,1.0,0.0,0.0,0.0,0.0,0.0,0.0
960,1,1.0,0.0,0.0,0.0,0.0,0.0,0.0
959,1,1.0,0.0,0.0,0.0,0.0,0.0,0.0
9543,1,1.0,0.0,0.0,0.0,0.0,0.0,0.0
9697,1,1.0,0.0,0.0,0.0,0.0,0.0,0.0
816,1,1.0,0.0,0.0,0.0,0.0,0.0,0.0
839,1,1.0,0.0,0.0,0.0,0.0,0.0,0.0
815,1,1.0,0.0,0.0,0.0,0.0,0.0,0.0
954,1,1.0,0.0,0.0,0.0,0.0,0.0,0.0
10138,1,1.0,0.0,0.0,0.0,0.0,0.0,0.0
10032,1,1.0,0.0,0.0,0.0,0.0,0.0,0.0
2353,1,1.0,0.0,0.0,0.0,0.0,0.0,0.0
9538,1,1.0,0.0,0.0,0.0,0.0,0.0,0.0
2458,1,1.0,0.0,0.0,0.0,0.0,0.0,0.0
896,1,1.0,0.0,0.0,0.0,0.0,0.0,0.0
818,1,1.0,0.0,0.0,0.0,0.0,0.0,0.0
843,1,1.0,0.0,0.0,0.0,0.0,0.0,0.0
898,1,1.0,0.0,0.0,0.0,0.0,0.0,0.0
884,1,1.0,0.0,0.0,0.0,0.0,0.0,0.0
897,1,1.0,0.0,0.0,0.0,0.0,0.0,0.0
817,1,1.0,0.0,0.0,0.0,0.0,0.0,0.0
10136,1,1.0,0.0,0.0,0.0,0.0,0.0,0.0
10009,1,1.0,0.0,0.0,0.0,0.0,0.0,0.0
10008,1,1.0,0.0,0.0,0.0,0.0,0.0,0.0
813,1,1.0,0.0,0.0,0.0,0.0,0.0,0.0
978,1,1.0,0.0,0.0,0.0,0.0,0.0,0.0
873,1,1.0,0.0,0.0,0.0,0.0,0.0,0.0
886,1,1.0,0.0,0.0,0.0,0.0,0.0,0.0
10140,1,1.0,0.0,0.0,0.0,0.0,0.0,0.0
1106,1,1.0,0.0,0.0,0.0,0.0,0.0,0.0
999,1,1.0,0.0,0.0,0.0,0.0,0.0,0.0
827,1,1.0,0.0,0.0,0.0,0.0,0.0,0.0
9988,1,1.0,0.0,0.0,0.0,0.0,0.0,0.0
1028,1,1.0,0.0,0.0,0.0,0.0,0.0,0.0
1027,1,1.0,0.0,0.0,0.0,0.0,0.0,0.0
868,1,1.0,0.0,0.0,0.0,0.0,0.0,0.0
982,1,1.0,0.0,0.0,0.0,0.0,0.0,0.0
829,1,1.0,0.0,0.0,0.0,0.0,0.0,0.0
9349,1,1.0,0.0,0.0,0.0,0.0,0.0,0.0
10003,1,1.0,0.0,0.0,0.0,0.0,0.0,0.0
856,1,1.0,0.0,0.0,0.0,0.0,0.0,0.0
2477,1,1.0,0.0,0.0,0.0,0.0,0.0,0.0
1047,1,1.0,0.0,0.0,0.0,0.0,0.0,0.0
9537,1,1.0,0.0,0.0,0.0,0.0,0.0,0.0
1060,1,1.0,0.0,0.0,0.0,0.0,0.0,0.0
60,1,1.0,0.0,0.0,0.0,0.0,0.0,0.0
820,1,1.0,0.0,0.0,0.0,0.0,0.0,0.0
9354,1,1.0,0.0,0.0,0.0,0.0,0.0,0.0
10134,1,1.0,0.0,0.0,0.0,0.0,0.0,0.0
9607,1,1.0,0.0,0.0,0.0,0.0,0.0,0.0
1770,1,1.0,0.0,0.0,0.0,0.0,0.0,0.0
252,1,1.0,0.0,0.0,0.0,0.0,0.0,0.0
52,1,1.0,0.0,0.0,0.0,0.0,0.0,0.0
4102,1,1.0,0.0,0.0,0.0,0.0,0.0,0.0
278,1,1.0,0.0,0.0,0.0,0.0,0.0,0.0
173,1,1.0,0.0,0.0,0.0,0.0,0.0,0.0
140,1,1.0,0.0,0.0,0.0,0.0,0.0,0.0
106,1,1.0,0.0,0.0,0.0,0.0,0.0,0.0
105,1,1.0,0.0,0.0,0.0,0.0,0.0,0.0
9626,1,1.0,0.0,0.0,0.0,0.0,0.0,0.0
175,1,1.0,0.0,0.0,0.0,0.0,0.0,0.0
147,1,1.0,0.0,0.0,0.0,0.0,0.0,0.0
107,1,1.0,0.0,0.0,0.0,0.0,0.0,0.0
1728,1,1.0,0.0,0.0,0.0,0.0,0.0,0.0
180,1,1.0,0.0,0.0,0.0,0.0,0.0,0.0
144,1,1.0,0.0,0.0,0.0,0.0,0.0,0.0
3966,1,1.0,0.0,0.0,0.0,0.0,0.0,0.0
9608,1,1.0,0.0,0.0,0.0,0.0,0.0,0.0
174,1,1.0,0.0,0.0,0.0,0.0,0.0,0.0
169,1,1.0,0.0,0.0,0.0,0.0,0.0,0.0
4202,1,1.0,0.0,0.0,0.0,0.0,0.0,0.0
4120,1,1.0,0.0,0.0,0.0,0.0,0.0,0.0
9605,1,1.0,0.0,0.0,0.0,0.0,0.0,0.0
184,1,1.0,0.0,0.0,0.0,0.0,0.0,0.0
277,1,1.0,0.0,0.0,0.0,0.0,0.0,0.0
6040,1,1.0,0.0,0.0,0.0,0.0,0.0,0.0
5468,1,1.0,0.0,0.0,0.0,0.0,0.0,0.0
5461,1,1.0,0.0,0.0,0.0,0.0,0.0,0.0
5351,1,1.0,0.0,0.0,0.0,0.0,0.0,0.0
5350,1,1.0,0.0,0.0,0.0,0.0,0.0,0.0
8747,1,1.0,0.0,0.0,0.0,0.0,0.0,0.0
44594,1,1.0,0.0,0.0,0.0,0.0,0.0,0.0
8205,1,1.0,0.0,0.0,0.0,0.0,0.0,0.0
6184,1,1.0,0.0,0.0,0.0,0.0,0.0,0.0
8115,1,1.0,0.0,0.0,0.0,0.0,0.0,0.0
8116,1,1.0,0.0,0.0,0.0,0.0,0.0,0.0
5960,1,1.0,0.0,0.0,0.0,0.0,0.0,0.0
8087,1,1.0,0.0,0.0,0.0,0.0,0.0,0.0
8089,1,1.0,0.0,0.0,0.0,0.0,0.0,0.0
8092,1,1.0,0.0,0.0,0.0,0.0,0.0,0.0
5352,1,1.0,0.0,0.0,0.0,0.0,0.0,0.0
8971,1,1.0,0.0,0.0,0.0,0.0,0.0,0.0
5989,1,1.0,0.0,0.0,0.0,0.0,0.0,0.0
6132,1,1.0,0.0,0.0,0.0,0.0,0.0,0.0
6130,1,1.0,0.0,0.0,0.0,0.0,0.0,0.0
8374,1,1.0,0.0,0.0,0.0,0.0,0.0,0.0
5019,1,1.0,0.0,0.0,0.0,0.0,0.0,0.0
5262,1,1.0,0.0,0.0,0.0,0.0,0.0,0.0
5041,1,1.0,0.0,0.0,0.0,0.0,0.0,0.0
6131,1,1.0,0.0,0.0,0.0,0.0,0.0,0.0
8658,1,1.0,0.0,0.0,0.0,0.0,0.0,0.0
8154,1,1.0,0.0,0.0,0.0,0.0,0.0,0.0
6032,1,1.0,0.0,0.0,0.0,0.0,0.0,0.0
6143,1,1.0,0.0,0.0,0.0,0.0,0.0,0.0
8632,1,1.0,0.0,0.0,0.0,0.0,0.0,0.0
6141,1,1.0,0.0,0.0,0.0,0.0,0.0,0.0
6142,1,1.0,0.0,0.0,0.0,0.0,0.0,0.0
8895,1,1.0,0.0,0.0,0.0,0.0,0.0,0.0
8142,1,1.0,0.0,0.0,0.0,0.0,0.0,0.0
6783,1,1.0,0.0,0.0,0.0,0.0,0.0,0.0
5073,1,1.0,0.0,0.0,0.0,0.0,0.0,0.0
5071,1,1.0,0.0,0.0,0.0,0.0,0.0,0.0
8148,1,1.0,0.0,0.0,0.0,0.0,0.0,0.0
5441,1,1.0,0.0,0.0,0.0,0.0,0.0,0.0
6091,1,1.0,0.0,0.0,0.0,0.0,0.0,0.0
8145,1,1.0,0.0,0.0,0.0,0.0,0.0,0.0
6168,1,1.0,0.0,0.0,0.0,0.0,0.0,0.0
5245,1,1.0,0.0,0.0,0.0,0.0,0.0,0.0
5254,1,1.0,0.0,0.0,0.0,0.0,0.0,0.0
8151,1,1.0,0.0,0.0,0.0,0.0,0.0,0.0
8657,1,1.0,0.0,0.0,0.0,0.0,0.0,0.0
8643,1,1.0,0.0,0.0,0.0,0.0,0.0,0.0
44493,1,1.0,0.0,0.0,0.0,0.0,0.0,0.0
8207,1,1.0,0.0,0.0,0.0,0.0,0.0,0.0
8791,1,1.0,0.0,0.0,0.0,0.0,0.0,0.0
5474,1,1.0,0.0,0.0,0.0,0.0,0.0,0.0
8242,1,1.0,0.0,0.0,0.0,0.0,0.0,0.0
5926,1,1.0,0.0,0.0,0.0,0.0,0.0,0.0
8290,1,1.0,0.0,0.0,0.0,0.0,0.0,0.0
5469,1,1.0,0.0,0.0,0.0,0.0,0.0,0.0
5462,1,1.0,0.0,0.0,0.0,0.0,0.0,0.0
6900,1,1.0,0.0,0.0,0.0,0.0,0.0,0.0
6930,1,1.0,0.0,0.0,0.0,0.0,0.0,0.0
6880,1,1.0,0.0,0.0,0.0,0.0,0.0,0.0
7054,1,1.0,0.0,0.0,0.0,0.0,0.0,0.0
7056,1,1.0,0.0,0.0,0.0,0.0,0.0,0.0
6840,1,1.0,0.0,0.0,0.0,0.0,0.0,0.0
6870,1,1.0,0.0,0.0,0.0,0.0,0.0,0.0
6820,1,1.0,0.0,0.0,0.0,0.0,0.0,0.0
6890,1,1.0,0.0,0.0,0.0,0.0,0.0,0.0
6889,1,1.0,0.0,0.0,0.0,0.0,0.0,0.0
7053,1,1.0,0.0,0.0,0.0,0.0,0.0,0.0
7060,1,1.0,0.0,0.0,0.0,0.0,0.0,0.0
7063,1,1.0,0.0,0.0,0.0,0.0,0.0,0.0
7065,1,1.0,0.0,0.0,0.0,0.0,0.0,0.0
6800,1,1.0,0.0,0.0,0.0,0.0,0.0,0.0
8853,1,1.0,0.0,0.0,0.0,0.0,0.0,0.0
8883,1,1.0,0.0,0.0,0.0,0.0,0.0,0.0
8831,1,1.0,0.0,0.0,0.0,0.0,0.0,0.0
8880,1,1.0,0.0,0.0,0.0,0.0,0.0,0.0
8829,1,1.0,0.0,0.0,0.0,0.0,0.0,0.0
9806,1,1.0,0.0,0.0,0.0,0.0,0.0,0.0
1186,1,1.0,0.0,0.0,0.0,0.0,0.0,0.0
1330,1,1.0,0.0,0.0,0.0,0.0,0.0,0.0
1188,1,1.0,0.0,0.0,0.0,0.0,0.0,0.0
10218,1,1.0,0.0,0.0,0.0,0.0,0.0,0.0
1194,1,1.0,0.0,0.0,0.0,0.0,0.0,0.0
9569,1,1.0,0.0,0.0,0.0,0.0,0.0,0.0
1037,1,1.0,0.0,0.0,0.0,0.0,0.0,0.0
1036,1,1.0,0.0,0.0,0.0,0.0,0.0,0.0
965,1,1.0,0.0,0.0,0.0,0.0,0.0,0.0
964,1,1.0,0.0,0.0,0.0,0.0,0.0,0.0
1198,1,1.0,0.0,0.0,0.0,0.0,0.0,0.0
9731,1,1.0,0.0,0.0,0.0,0.0,0.0,0.0
9590,1,1.0,0.0,0.0,0.0,0.0,0.0,0.0
951,1,1.0,0.0,0.0,0.0,0.0,0.0,0.0
1258,1,1.0,0.0,0.0,0.0,0.0,0.0,0.0
1190,1,1.0,0.0,0.0,0.0,0.0,0.0,0.0
1248,1,1.0,0.0,0.0,0.0,0.0,0.0,0.0
9785,1,1.0,0.0,0.0,0.0,0.0,0.0,0.0
9952,1,1.0,0.0,0.0,0.0,0.0,0.0,0.0
9951,1,1.0,0.0,0.0,0.0,0.0,0.0,0.0
9786,1,1.0,0.0,0.0,0.0,0.0,0.0,0.0
9278,1,1.0,0.0,0.0,0.0,0.0,0.0,0.0
1212,1,1.0,0.0,0.0,0.0,0.0,0.0,0.0
1200,1,1.0,0.0,0.0,0.0,0.0,0.0,0.0
962,1,1.0,0.0,0.0,0.0,0.0,0.0,0.0
1206,1,1.0,0.0,0.0,0.0,0.0,0.0,0.0
1071,1,1.0,0.0,0.0,0.0,0.0,0.0,0.0
41450,1,1.0,0.0,0.0,0.0,0.0,0.0,0.0
972,1,1.0,0.0,0.0,0.0,0.0,0.0,0.0
973,1,1.0,0.0,0.0,0.0,0.0,0.0,0.0
976,1,1.0,0.0,0.0,0.0,0.0,0.0,0.0
1210,1,1.0,0.0,0.0,0.0,0.0,0.0,0.0
9262,1,1.0,0.0,0.0,0.0,0.0,0.0,0.0
1313,1,1.0,0.0,0.0,0.0,0.0,0.0,0.0
1213,1,1.0,0.0,0.0,0.0,0.0,0.0,0.0
1199,1,1.0,0.0,0.0,0.0,0.0,0.0,0.0
974,1,1.0,0.0,0.0,0.0,0.0,0.0,0.0
1323,1,1.0,0.0,0.0,0.0,0.0,0.0,0.0
10257,1,1.0,0.0,0.0,0.0,0.0,0.0,0.0
1218,1,1.0,0.0,0.0,0.0,0.0,0.0,0.0
1163,1,1.0,0.0,0.0,0.0,0.0,0.0,0.0
1230,1,1.0,0.0,0.0,0.0,0.0,0.0,0.0
2080,1,1.0,0.0,0.0,0.0,0.0,0.0,0.0
1325,1,1.0,0.0,0.0,0.0,0.0,0.0,0.0
1225,1,1.0,0.0,0.0,0.0,0.0,0.0,0.0
9970,1,1.0,0.0,0.0,0.0,0.0,0.0,0.0
963,1,1.0,0.0,0.0,0.0,0.0,0.0,0.0
2078,1,1.0,0.0,0.0,0.0,0.0,0.0,0.0
9820,1,1.0,0.0,0.0,0.0,0.0,0.0,0.0
9547,1,1.0,0.0,0.0,0.0,0.0,0.0,0.0
1228,1,1.0,0.0,0.0,0.0,0.0,0.0,0.0
980,1,1.0,0.0,0.0,0.0,0.0,0.0,0.0
1231,1,1.0,0.0,0.0,0.0,0.0,0.0,0.0
9961,1,1.0,0.0,0.0,0.0,0.0,0.0,0.0
1268,1,1.0,0.0,0.0,0.0,0.0,0.0,0.0
1270,1,1.0,0.0,0.0,0.0,0.0,0.0,0.0
1259,1,1.0,0.0,0.0,0.0,0.0,0.0,0.0
1263,1,1.0,0.0,0.0,0.0,0.0,0.0,0.0
1264,1,1.0,0.0,0.0,0.0,0.0,0.0,0.0
1236,1,1.0,0.0,0.0,0.0,0.0,0.0,0.0
1041,1,1.0,0.0,0.0,0.0,0.0,0.0,0.0
1239,1,1.0,0.0,0.0,0.0,0.0,0.0,0.0
9819,1,1.0,0.0,0.0,0.0,0.0,0.0,0.0
1204,1,1.0,0.0,0.0,0.0,0.0,0.0,0.0
9302,1,1.0,0.0,0.0,0.0,0.0,0.0,0.0
9780,1,1.0,0.0,0.0,0.0,0.0,0.0,0.0
1278,1,1.0,0.0,0.0,0.0,0.0,0.0,0.0
1281,1,1.0,0.0,0.0,0.0,0.0,0.0,0.0
1046,1,1.0,0.0,0.0,0.0,0.0,0.0,0.0
1045,1,1.0,0.0,0.0,0.0,0.0,0.0,0.0
1286,1,1.0,0.0,0.0,0.0,0.0,0.0,0.0
1249,1,1.0,0.0,0.0,0.0,0.0,0.0,0.0
1223,1,1.0,0.0,0.0,0.0,0.0,0.0,0.0
1154,1,1.0,0.0,0.0,0.0,0.0,0.0,0.0
1161,1,1.0,0.0,0.0,0.0,0.0,0.0,0.0
1215,1,1.0,0.0,0.0,0.0,0.0,0.0,0.0
1243,1,1.0,0.0,0.0,0.0,0.0,0.0,0.0
1296,1,1.0,0.0,0.0,0.0,0.0,0.0,0.0
1174,1,1.0,0.0,0.0,0.0,0.0,0.0,0.0
1294,1,1.0,0.0,0.0,0.0,0.0,0.0,0.0
9738,1,1.0,0.0,0.0,0.0,0.0,0.0,0.0
9739,1,1.0,0.0,0.0,0.0,0.0,0.0,0.0
936,1,1.0,0.0,0.0,0.0,0.0,0.0,0.0
947,1,1.0,0.0,0.0,0.0,0.0,0.0,0.0
946,1,1.0,0.0,0.0,0.0,0.0,0.0,0.0
939,1,1.0,0.0,0.0,0.0,0.0,0.0,0.0
938,1,1.0,0.0,0.0,0.0,0.0,0.0,0.0
943,1,1.0,0.0,0.0,0.0,0.0,0.0,0.0
2725,1,1.0,0.0,0.0,0.0,0.0,0.0,0.0
956,1,1.0,0.0,0.0,0.0,0.0,0.0,0.0
955,1,1.0,0.0,0.0,0.0,0.0,0.0,0.0
961,1,1.0,0.0,0.0,0.0,0.0,0.0,0.0
9533,1,1.0,0.0,0.0,0.0,0.0,0.0,0.0
1007,1,1.0,0.0,0.0,0.0,0.0,0.0,0.0
1006,1,1.0,0.0,0.0,0.0,0.0,0.0,0.0
1010,1,1.0,0.0,0.0,0.0,0.0,0.0,0.0
1015,1,1.0,0.0,0.0,0.0,0.0,0.0,0.0
950,1,1.0,0.0,0.0,0.0,0.0,0.0,0.0
1057,1,1.0,0.0,0.0,0.0,0.0,0.0,0.0
852,1,1.0,0.0,0.0,0.0,0.0,0.0,0.0
2896,1,1.0,0.0,0.0,0.0,0.0,0.0,0.0
10212,1,1.0,0.0,0.0,0.0,0.0,0.0,0.0
995,1,1.0,0.0,0.0,0.0,0.0,0.0,0.0
5711,1,1.0,0.0,0.0,0.0,0.0,0.0,0.0
5961,1,1.0,0.0,0.0,0.0,0.0,0.0,0.0
5721,1,1.0,0.0,0.0,0.0,0.0,0.0,0.0
5741,1,1.0,0.0,0.0,0.0,0.0,0.0,0.0
5725,1,1.0,0.0,0.0,0.0,0.0,0.0,0.0
537,1,1.0,0.0,0.0,0.0,0.0,0.0,0.0
536,1,1.0,0.0,0.0,0.0,0.0,0.0,0.0
668,1,1.0,0.0,0.0,0.0,0.0,0.0,0.0
431,1,1.0,0.0,0.0,0.0,0.0,0.0,0.0
439,1,1.0,0.0,0.0,0.0,0.0,0.0,0.0
458,1,1.0,0.0,0.0,0.0,0.0,0.0,0.0
559,1,1.0,0.0,0.0,0.0,0.0,0.0,0.0
7058,1,1.0,0.0,0.0,0.0,0.0,0.0,0.0
7057,1,1.0,0.0,0.0,0.0,0.0,0.0,0.0
589,1,1.0,0.0,0.0,0.0,0.0,0.0,0.0
551,1,1.0,0.0,0.0,0.0,0.0,0.0,0.0
552,1,1.0,0.0,0.0,0.0,0.0,0.0,0.0
556,1,1.0,0.0,0.0,0.0,0.0,0.0,0.0
697,1,1.0,0.0,0.0,0.0,0.0,0.0,0.0
629,1,1.0,0.0,0.0,0.0,0.0,0.0,0.0
453,1,1.0,0.0,0.0,0.0,0.0,0.0,0.0
635,1,1.0,0.0,0.0,0.0,0.0,0.0,0.0
673,1,1.0,0.0,0.0,0.0,0.0,0.0,0.0
478,1,1.0,0.0,0.0,0.0,0.0,0.0,0.0
492,1,1.0,0.0,0.0,0.0,0.0,0.0,0.0
561,1,1.0,0.0,0.0,0.0,0.0,0.0,0.0
4239,1,1.0,0.0,0.0,0.0,0.0,0.0,0.0
574,1,1.0,0.0,0.0,0.0,0.0,0.0,0.0
625,1,1.0,0.0,0.0,0.0,0.0,0.0,0.0
472,1,1.0,0.0,0.0,0.0,0.0,0.0,0.0
471,1,1.0,0.0,0.0,0.0,0.0,0.0,0.0
590,1,1.0,0.0,0.0,0.0,0.0,0.0,0.0
584,1,1.0,0.0,0.0,0.0,0.0,0.0,0.0
608,1,1.0,0.0,0.0,0.0,0.0,0.0,0.0
477,1,1.0,0.0,0.0,0.0,0.0,0.0,0.0
2035,1,1.0,0.0,0.0,0.0,0.0,0.0,0.0
615,1,1.0,0.0,0.0,0.0,0.0,0.0,0.0
549,1,1.0,0.0,0.0,0.0,0.0,0.0,0.0
425,1,1.0,0.0,0.0,0.0,0.0,0.0,0.0
582,1,1.0,0.0,0.0,0.0,0.0,0.0,0.0
581,1,1.0,0.0,0.0,0.0,0.0,0.0,0.0
410,1,1.0,0.0,0.0,0.0,0.0,0.0,0.0
610,1,1.0,0.0,0.0,0.0,0.0,0.0,0.0
609,1,1.0,0.0,0.0,0.0,0.0,0.0,0.0
540,1,1.0,0.0,0.0,0.0,0.0,0.0,0.0
585,1,1.0,0.0,0.0,0.0,0.0,0.0,0.0
605,1,1.0,0.0,0.0,0.0,0.0,0.0,0.0
9123,1,1.0,0.0,0.0,0.0,0.0,0.0,0.0
482,1,1.0,0.0,0.0,0.0,0.0,0.0,0.0
480,1,1.0,0.0,0.0,0.0,0.0,0.0,0.0
538,1,1.0,0.0,0.0,0.0,0.0,0.0,0.0
488,1,1.0,0.0,0.0,0.0,0.0,0.0,0.0
448,1,1.0,0.0,0.0,0.0,0.0,0.0,0.0
449,1,1.0,0.0,0.0,0.0,0.0,0.0,0.0
627,1,1.0,0.0,0.0,0.0,0.0,0.0,0.0
649,1,1.0,0.0,0.0,0.0,0.0,0.0,0.0
539,1,1.0,0.0,0.0,0.0,0.0,0.0,0.0
618,1,1.0,0.0,0.0,0.0,0.0,0.0,0.0
464,1,1.0,0.0,0.0,0.0,0.0,0.0,0.0
3384,1,1.0,0.0,0.0,0.0,0.0,0.0,0.0
27,1,1.0,0.0,0.0,0.0,0.0,0.0,0.0
3110,1,1.0,0.0,0.0,0.0,0.0,0.0,0.0
446,1,1.0,0.0,0.0,0.0,0.0,0.0,0.0
565,1,1.0,0.0,0.0,0.0,0.0,0.0,0.0
479,1,1.0,0.0,0.0,0.0,0.0,0.0,0.0
652,1,1.0,0.0,0.0,0.0,0.0,0.0,0.0
435,1,1.0,0.0,0.0,0.0,0.0,0.0,0.0
545,1,1.0,0.0,0.0,0.0,0.0,0.0,0.0
7734,1,1.0,0.0,0.0,0.0,0.0,0.0,0.0
573,1,1.0,0.0,0.0,0.0,0.0,0.0,0.0
7738,1,1.0,0.0,0.0,0.0,0.0,0.0,0.0
484,1,1.0,0.0,0.0,0.0,0.0,0.0,0.0
544,1,1.0,0.0,0.0,0.0,0.0,0.0,0.0
563,1,1.0,0.0,0.0,0.0,0.0,0.0,0.0
593,1,1.0,0.0,0.0,0.0,0.0,0.0,0.0
567,1,1.0,0.0,0.0,0.0,0.0,0.0,0.0
413,1,1.0,0.0,0.0,0.0,0.0,0.0,0.0
454,1,1.0,0.0,0.0,0.0,0.0,0.0,0.0
101,1,1.0,0.0,0.0,0.0,0.0,0.0,0.0
123,1,1.0,0.0,0.0,0.0,0.0,0.0,0.0
103,1,1.0,0.0,0.0,0.0,0.0,0.0,0.0
126,1,1.0,0.0,0.0,0.0,0.0,0.0,0.0
72,1,1.0,0.0,0.0,0.0,0.0,0.0,0.0
86,1,1.0,0.0,0.0,0.0,0.0,0.0,0.0
122,1,1.0,0.0,0.0,0.0,0.0,0.0,0.0
129,1,1.0,0.0,0.0,0.0,0.0,0.0,0.0
6609,1,1.0,0.0,0.0,0.0,0.0,0.0,0.0
77,1,1.0,0.0,0.0,0.0,0.0,0.0,0.0
570,1,1.0,0.0,0.0,0.0,0.0,0.0,0.0
547,1,1.0,0.0,0.0,0.0,0.0,0.0,0.0
543,1,1.0,0.0,0.0,0.0,0.0,0.0,0.0
134,1,1.0,0.0,0.0,0.0,0.0,0.0,0.0
491,1,1.0,0.0,0.0,0.0,0.0,0.0,0.0
7300,1,1.0,0.0,0.0,0.0,0.0,0.0,0.0
7227,1,1.0,0.0,0.0,0.0,0.0,0.0,0.0
7207,1,1.0,0.0,0.0,0.0,0.0,0.0,0.0
7204,1,1.0,0.0,0.0,0.0,0.0,0.0,0.0
7113,1,1.0,0.0,0.0,0.0,0.0,0.0,0.0
7100,1,1.0,0.0,0.0,0.0,0.0,0.0,0.0
5594,1,1.0,0.0,0.0,0.0,0.0,0.0,0.0
6950,1,1.0,0.0,0.0,0.0,0.0,0.0,0.0
5291,1,1.0,0.0,0.0,0.0,0.0,0.0,0.0
5111,1,1.0,0.0,0.0,0.0,0.0,0.0,0.0
5312,1,1.0,0.0,0.0,0.0,0.0,0.0,0.0
5311,1,1.0,0.0,0.0,0.0,0.0,0.0,0.0
5360,1,1.0,0.0,0.0,0.0,0.0,0.0,0.0
5720,1,1.0,0.0,0.0,0.0,0.0,0.0,0.0
6253,1,1.0,0.0,0.0,0.0,0.0,0.0,0.0
8521,1,1.0,0.0,0.0,0.0,0.0,0.0,0.0
8500,1,1.0,0.0,0.0,0.0,0.0,0.0,0.0
8531,1,1.0,0.0,0.0,0.0,0.0,0.0,0.0
8280,1,1.0,0.0,0.0,0.0,0.0,0.0,0.0
8268,1,1.0,0.0,0.0,0.0,0.0,0.0,0.0
8220,1,1.0,0.0,0.0,0.0,0.0,0.0,0.0
6225,1,1.0,0.0,0.0,0.0,0.0,0.0,0.0
6070,1,1.0,0.0,0.0,0.0,0.0,0.0,0.0
5726,1,1.0,0.0,0.0,0.0,0.0,0.0,0.0
6362,1,1.0,0.0,0.0,0.0,0.0,0.0,0.0
6353,1,1.0,0.0,0.0,0.0,0.0,0.0,0.0
8509,1,1.0,0.0,0.0,0.0,0.0,0.0,0.0
6062,1,1.0,0.0,0.0,0.0,0.0,0.0,0.0
8209,1,1.0,0.0,0.0,0.0,0.0,0.0,0.0
6316,1,1.0,0.0,0.0,0.0,0.0,0.0,0.0
5325,1,1.0,0.0,0.0,0.0,0.0,0.0,0.0
6226,1,1.0,0.0,0.0,0.0,0.0,0.0,0.0
6331,1,1.0,0.0,0.0,0.0,0.0,0.0,0.0
5852,1,1.0,0.0,0.0,0.0,0.0,0.0,0.0
6369,1,1.0,0.0,0.0,0.0,0.0,0.0,0.0
5822,1,1.0,0.0,0.0,0.0,0.0,0.0,0.0
5761,1,1.0,0.0,0.0,0.0,0.0,0.0,0.0
6293,1,1.0,0.0,0.0,0.0,0.0,0.0,0.0
5991,1,1.0,0.0,0.0,0.0,0.0,0.0,0.0
5908,1,1.0,0.0,0.0,0.0,0.0,0.0,0.0
8984,1,1.0,0.0,0.0,0.0,0.0,0.0,0.0
8213,1,1.0,0.0,0.0,0.0,0.0,0.0,0.0
7284,1,1.0,0.0,0.0,0.0,0.0,0.0,0.0
6501,1,1.0,0.0,0.0,0.0,0.0,0.0,0.0
6772,1,1.0,0.0,0.0,0.0,0.0,0.0,0.0
6623,1,1.0,0.0,0.0,0.0,0.0,0.0,0.0
5378,1,1.0,0.0,0.0,0.0,0.0,0.0,0.0
9520,1,1.0,0.0,0.0,0.0,0.0,0.0,0.0
9518,1,1.0,0.0,0.0,0.0,0.0,0.0,0.0
9517,1,1.0,0.0,0.0,0.0,0.0,0.0,0.0
6262,1,1.0,0.0,0.0,0.0,0.0,0.0,0.0
5292,1,1.0,0.0,0.0,0.0,0.0,0.0,0.0
5981,1,1.0,0.0,0.0,0.0,0.0,0.0,0.0
8172,1,1.0,0.0,0.0,0.0,0.0,0.0,0.0
7945,1,1.0,0.0,0.0,0.0,0.0,0.0,0.0
6365,1,1.0,0.0,0.0,0.0,0.0,0.0,0.0
5431,1,1.0,0.0,0.0,0.0,0.0,0.0,0.0
5923,1,1.0,0.0,0.0,0.0,0.0,0.0,0.0
6649,1,1.0,0.0,0.0,0.0,0.0,0.0,0.0
5488,1,1.0,0.0,0.0,0.0,0.0,0.0,0.0
5081,1,1.0,0.0,0.0,0.0,0.0,0.0,0.0
5473,1,1.0,0.0,0.0,0.0,0.0,0.0,0.0
5641,1,1.0,0.0,0.0,0.0,0.0,0.0,0.0
8604,1,1.0,0.0,0.0,0.0,0.0,0.0,0.0
5917,1,1.0,0.0,0.0,0.0,0.0,0.0,0.0
5611,1,1.0,0.0,0.0,0.0,0.0,0.0,0.0
6764,1,1.0,0.0,0.0,0.0,0.0,0.0,0.0
6770,1,1.0,0.0,0.0,0.0,0.0,0.0,0.0
6112,1,1.0,0.0,0.0,0.0,0.0,0.0,0.0
5383,1,1.0,0.0,0.0,0.0,0.0,0.0,0.0
5536,1,1.0,0.0,0.0,0.0,0.0,0.0,0.0
6616,1,1.0,0.0,0.0,0.0,0.0,0.0,0.0
5448,1,1.0,0.0,0.0,0.0,0.0,0.0,0.0
234,1,1.0,0.0,0.0,0.0,0.0,0.0,0.0
3029,1,1.0,0.0,0.0,0.0,0.0,0.0,0.0
2910,1,1.0,0.0,0.0,0.0,0.0,0.0,0.0
3070,1,1.0,0.0,0.0,0.0,0.0,0.0,0.0
3019,1,1.0,0.0,0.0,0.0,0.0,0.0,0.0
149,1,1.0,0.0,0.0,0.0,0.0,0.0,0.0
2987,1,1.0,0.0,0.0,0.0,0.0,0.0,0.0
9450,1,1.0,0.0,0.0,0.0,0.0,0.0,0.0
9458,1,1.0,0.0,0.0,0.0,0.0,0.0,0.0
9460,1,1.0,0.0,0.0,0.0,0.0,0.0,0.0
226,1,1.0,0.0,0.0,0.0,0.0,0.0,0.0
9459,1,1.0,0.0,0.0,0.0,0.0,0.0,0.0
9457,1,1.0,0.0,0.0,0.0,0.0,0.0,0.0
7079,1,1.0,0.0,0.0,0.0,0.0,0.0,0.0
3727,1,1.0,0.0,0.0,0.0,0.0,0.0,0.0
3725,1,1.0,0.0,0.0,0.0,0.0,0.0,0.0
4570,1,1.0,0.0,0.0,0.0,0.0,0.0,0.0
787,1,1.0,0.0,0.0,0.0,0.0,0.0,0.0
3967,1,1.0,0.0,0.0,0.0,0.0,0.0,0.0
5430,1,1.0,0.0,0.0,0.0,0.0,0.0,0.0
5525,1,1.0,0.0,0.0,0.0,0.0,0.0,0.0
5531,1,1.0,0.0,0.0,0.0,0.0,0.0,0.0
6712,1,1.0,0.0,0.0,0.0,0.0,0.0,0.0
5601,1,1.0,0.0,0.0,0.0,0.0,0.0,0.0
5561,1,1.0,0.0,0.0,0.0,0.0,0.0,0.0
5689,1,1.0,0.0,0.0,0.0,0.0,0.0,0.0
5691,1,1.0,0.0,0.0,0.0,0.0,0.0,0.0
5688,1,1.0,0.0,0.0,0.0,0.0,0.0,0.0
5695,1,1.0,0.0,0.0,0.0,0.0,0.0,0.0
5645,1,1.0,0.0,0.0,0.0,0.0,0.0,0.0
5510,1,1.0,0.0,0.0,0.0,0.0,0.0,0.0
4072,1,1.0,0.0,0.0,0.0,0.0,0.0,0.0
319,1,1.0,0.0,0.0,0.0,0.0,0.0,0.0
4338,1,1.0,0.0,0.0,0.0,0.0,0.0,0.0
384,1,1.0,0.0,0.0,0.0,0.0,0.0,0.0
390,1,1.0,0.0,0.0,0.0,0.0,0.0,0.0
378,1,1.0,0.0,0.0,0.0,0.0,0.0,0.0
394,1,1.0,0.0,0.0,0.0,0.0,0.0,0.0
1592,1,1.0,0.0,0.0,0.0,0.0,0.0,0.0
1545,1,1.0,0.0,0.0,0.0,0.0,0.0,0.0
398,1,1.0,0.0,0.0,0.0,0.0,0.0,0.0
4076,1,1.0,0.0,0.0,0.0,0.0,0.0,0.0
9040,1,1.0,0.0,0.0,0.0,0.0,0.0,0.0
4065,1,1.0,0.0,0.0,0.0,0.0,0.0,0.0
4331,1,1.0,0.0,0.0,0.0,0.0,0.0,0.0
9013,1,1.0,0.0,0.0,0.0,0.0,0.0,0.0
4028,1,1.0,0.0,0.0,0.0,0.0,0.0,0.0
4332,1,1.0,0.0,0.0,0.0,0.0,0.0,0.0
3389,1,1.0,0.0,0.0,0.0,0.0,0.0,0.0
396,1,1.0,0.0,0.0,0.0,0.0,0.0,0.0
3061,1,1.0,0.0,0.0,0.0,0.0,0.0,0.0
3021,1,1.0,0.0,0.0,0.0,0.0,0.0,0.0
9015,1,1.0,0.0,0.0,0.0,0.0,0.0,0.0
535,1,1.0,0.0,0.0,0.0,0.0,0.0,0.0
9440,1,1.0,0.0,0.0,0.0,0.0,0.0,0.0
131,1,1.0,0.0,0.0,0.0,0.0,0.0,0.0
3011,1,1.0,0.0,0.0,0.0,0.0,0.0,0.0
1503,1,1.0,0.0,0.0,0.0,0.0,0.0,0.0
120,1,1.0,0.0,0.0,0.0,0.0,0.0,0.0
1131,1,1.0,0.0,0.0,0.0,0.0,0.0,0.0
1018,1,1.0,0.0,0.0,0.0,0.0,0.0,0.0
1085,1,1.0,0.0,0.0,0.0,0.0,0.0,0.0
1090,1,1.0,0.0,0.0,0.0,0.0,0.0,0.0
1087,1,1.0,0.0,0.0,0.0,0.0,0.0,0.0
1142,1,1.0,0.0,0.0,0.0,0.0,0.0,0.0
4599,1,1.0,0.0,0.0,0.0,0.0,0.0,0.0
4465,1,1.0,0.0,0.0,0.0,0.0,0.0,0.0
4479,1,1.0,0.0,0.0,0.0,0.0,0.0,0.0
4711,1,1.0,0.0,0.0,0.0,0.0,0.0,0.0
4894,1,1.0,0.0,0.0,0.0,0.0,0.0,0.0
4448,1,1.0,0.0,0.0,0.0,0.0,0.0,0.0
4562,1,1.0,0.0,0.0,0.0,0.0,0.0,0.0
4493,1,1.0,0.0,0.0,0.0,0.0,0.0,0.0
4491,1,1.0,0.0,0.0,0.0,0.0,0.0,0.0
4583,1,1.0,0.0,0.0,0.0,0.0,0.0,0.0
4477,1,1.0,0.0,0.0,0.0,0.0,0.0,0.0
6531,1,1.0,0.0,0.0,0.0,0.0,0.0,0.0
6554,1,1.0,0.0,0.0,0.0,0.0,0.0,0.0
8106,1,1.0,0.0,0.0,0.0,0.0,0.0,0.0
6401,1,1.0,0.0,0.0,0.0,0.0,0.0,0.0
6491,1,1.0,0.0,0.0,0.0,0.0,0.0,0.0
6481,1,1.0,0.0,0.0,0.0,0.0,0.0,0.0
6565,1,1.0,0.0,0.0,0.0,0.0,0.0,0.0
6571,1,1.0,0.0,0.0,0.0,0.0,0.0,0.0
8331,1,1.0,0.0,0.0,0.0,0.0,0.0,0.0
6460,1,1.0,0.0,0.0,0.0,0.0,0.0,0.0
6553,1,1.0,0.0,0.0,0.0,0.0,0.0,0.0
6560,1,1.0,0.0,0.0,0.0,0.0,0.0,0.0
7200,1,1.0,0.0,0.0,0.0,0.0,0.0,0.0
5252,1,1.0,0.0,0.0,0.0,0.0,0.0,0.0
5216,1,1.0,0.0,0.0,0.0,0.0,0.0,0.0
5836,1,1.0,0.0,0.0,0.0,0.0,0.0,0.0
5958,1,1.0,0.0,0.0,0.0,0.0,0.0,0.0
5271,1,1.0,0.0,0.0,0.0,0.0,0.0,0.0
5212,1,1.0,0.0,0.0,0.0,0.0,0.0,0.0
5331,1,1.0,0.0,0.0,0.0,0.0,0.0,0.0
5402,1,1.0,0.0,0.0,0.0,0.0,0.0,0.0
5155,1,1.0,0.0,0.0,0.0,0.0,0.0,0.0
5184,1,1.0,0.0,0.0,0.0,0.0,0.0,0.0
5191,1,1.0,0.0,0.0,0.0,0.0,0.0,0.0
6313,1,1.0,0.0,0.0,0.0,0.0,0.0,0.0
5150,1,1.0,0.0,0.0,0.0,0.0,0.0,0.0
5681,1,1.0,0.0,0.0,0.0,0.0,0.0,0.0
7191,1,1.0,0.0,0.0,0.0,0.0,0.0,0.0
6017,1,1.0,0.0,0.0,0.0,0.0,0.0,0.0
5321,1,1.0,0.0,0.0,0.0,0.0,0.0,0.0
5037,1,1.0,0.0,0.0,0.0,0.0,0.0,0.0
612,1,1.0,0.0,0.0,0.0,0.0,0.0,0.0
10001,1,1.0,0.0,0.0,0.0,0.0,0.0,0.0
872,1,1.0,0.0,0.0,0.0,0.0,0.0,0.0
834,1,1.0,0.0,0.0,0.0,0.0,0.0,0.0
895,1,1.0,0.0,0.0,0.0,0.0,0.0,0.0
824,1,1.0,0.0,0.0,0.0,0.0,0.0,0.0
831,1,1.0,0.0,0.0,0.0,0.0,0.0,0.0
819,1,1.0,0.0,0.0,0.0,0.0,0.0,0.0
1020,1,1.0,0.0,0.0,0.0,0.0,0.0,0.0
9542,1,1.0,0.0,0.0,0.0,0.0,0.0,0.0
2459,1,1.0,0.0,0.0,0.0,0.0,0.0,0.0
10005,1,1.0,0.0,0.0,0.0,0.0,0.0,0.0
821,1,1.0,0.0,0.0,0.0,0.0,0.0,0.0
9725,1,1.0,0.0,0.0,0.0,0.0,0.0,0.0
61,1,1.0,0.0,0.0,0.0,0.0,0.0,0.0
9399,1,1.0,0.0,0.0,0.0,0.0,0.0,0.0
9890,1,1.0,0.0,0.0,0.0,0.0,0.0,0.0
981,1,1.0,0.0,0.0,0.0,0.0,0.0,0.0
10000,1,1.0,0.0,0.0,0.0,0.0,0.0,0.0
66,1,1.0,0.0,0.0,0.0,0.0,0.0,0.0
889,1,1.0,0.0,0.0,0.0,0.0,0.0,0.0
1069,1,1.0,0.0,0.0,0.0,0.0,0.0,0.0
65,1,1.0,0.0,0.0,0.0,0.0,0.0,0.0
9601,1,1.0,0.0,0.0,0.0,0.0,0.0,0.0
276,1,1.0,0.0,0.0,0.0,0.0,0.0,0.0
461,1,1.0,0.0,0.0,0.0,0.0,0.0,0.0
1639,1,1.0,0.0,0.0,0.0,0.0,0.0,0.0
1717,1,1.0,0.0,0.0,0.0,0.0,0.0,0.0
9609,1,1.0,0.0,0.0,0.0,0.0,0.0,0.0
1781,1,1.0,0.0,0.0,0.0,0.0,0.0,0.0
108,1,1.0,0.0,0.0,0.0,0.0,0.0,0.0
598,1,1.0,0.0,0.0,0.0,0.0,0.0,0.0
87,1,1.0,0.0,0.0,0.0,0.0,0.0,0.0
5394,1,1.0,0.0,0.0,0.0,0.0,0.0,0.0
5518,1,1.0,0.0,0.0,0.0,0.0,0.0,0.0
5470,1,1.0,0.0,0.0,0.0,0.0,0.0,0.0
6140,1,1.0,0.0,0.0,0.0,0.0,0.0,0.0
5168,1,1.0,0.0,0.0,0.0,0.0,0.0,0.0
6059,1,1.0,0.0,0.0,0.0,0.0,0.0,0.0
6101,1,1.0,0.0,0.0,0.0,0.0,0.0,0.0
5128,1,1.0,0.0,0.0,0.0,0.0,0.0,0.0
6103,1,1.0,0.0,0.0,0.0,0.0,0.0,0.0
6146,1,1.0,0.0,0.0,0.0,0.0,0.0,0.0
5477,1,1.0,0.0,0.0,0.0,0.0,0.0,0.0
8650,1,1.0,0.0,0.0,0.0,0.0,0.0,0.0
5814,1,1.0,0.0,0.0,0.0,0.0,0.0,0.0
8307,1,1.0,0.0,0.0,0.0,0.0,0.0,0.0
6210,1,1.0,0.0,0.0,0.0,0.0,0.0,0.0
8645,1,1.0,0.0,0.0,0.0,0.0,0.0,0.0
8663,1,1.0,0.0,0.0,0.0,0.0,0.0,0.0
8639,1,1.0,0.0,0.0,0.0,0.0,0.0,0.0
8094,1,1.0,0.0,0.0,0.0,0.0,0.0,0.0
8109,1,1.0,0.0,0.0,0.0,0.0,0.0,0.0
6734,1,1.0,0.0,0.0,0.0,0.0,0.0,0.0
5241,1,1.0,0.0,0.0,0.0,0.0,0.0,0.0
8892,1,1.0,0.0,0.0,0.0,0.0,0.0,0.0
5255,1,1.0,0.0,0.0,0.0,0.0,0.0,0.0
5519,1,1.0,0.0,0.0,0.0,0.0,0.0,0.0
6034,1,1.0,0.0,0.0,0.0,0.0,0.0,0.0
6033,1,1.0,0.0,0.0,0.0,0.0,0.0,0.0
7055,1,1.0,0.0,0.0,0.0,0.0,0.0,0.0
8832,1,1.0,0.0,0.0,0.0,0.0,0.0,0.0
8851,1,1.0,0.0,0.0,0.0,0.0,0.0,0.0
8823,1,1.0,0.0,0.0,0.0,0.0,0.0,0.0
9693,1,1.0,0.0,0.0,0.0,0.0,0.0,0.0
9263,1,1.0,0.0,0.0,0.0,0.0,0.0,0.0
1192,1,1.0,0.0,0.0,0.0,0.0,0.0,0.0
1386,1,1.0,0.0,0.0,0.0,0.0,0.0,0.0
1256,1,1.0,0.0,0.0,0.0,0.0,0.0,0.0
1267,1,1.0,0.0,0.0,0.0,0.0,0.0,0.0
1299,1,1.0,0.0,0.0,0.0,0.0,0.0,0.0
9787,1,1.0,0.0,0.0,0.0,0.0,0.0,0.0
997,1,1.0,0.0,0.0,0.0,0.0,0.0,0.0
9840,1,1.0,0.0,0.0,0.0,0.0,0.0,0.0
9783,1,1.0,0.0,0.0,0.0,0.0,0.0,0.0
9836,1,1.0,0.0,0.0,0.0,0.0,0.0,0.0
979,1,1.0,0.0,0.0,0.0,0.0,0.0,0.0
10256,1,1.0,0.0,0.0,0.0,0.0,0.0,0.0
9901,1,1.0,0.0,0.0,0.0,0.0,0.0,0.0
1283,1,1.0,0.0,0.0,0.0,0.0,0.0,0.0
975,1,1.0,0.0,0.0,0.0,0.0,0.0,0.0
9818,1,1.0,0.0,0.0,0.0,0.0,0.0,0.0
1250,1,1.0,0.0,0.0,0.0,0.0,0.0,0.0
1043,1,1.0,0.0,0.0,0.0,0.0,0.0,0.0
1254,1,1.0,0.0,0.0,0.0,0.0,0.0,0.0
1153,1,1.0,0.0,0.0,0.0,0.0,0.0,0.0
9822,1,1.0,0.0,0.0,0.0,0.0,0.0,0.0
9920,1,1.0,0.0,0.0,0.0,0.0,0.0,0.0
1246,1,1.0,0.0,0.0,0.0,0.0,0.0,0.0
1291,1,1.0,0.0,0.0,0.0,0.0,0.0,0.0
1055,1,1.0,0.0,0.0,0.0,0.0,0.0,0.0
9737,1,1.0,0.0,0.0,0.0,0.0,0.0,0.0
9741,1,1.0,0.0,0.0,0.0,0.0,0.0,0.0
945,1,1.0,0.0,0.0,0.0,0.0,0.0,0.0
1034,1,1.0,0.0,0.0,0.0,0.0,0.0,0.0
9992,1,1.0,0.0,0.0,0.0,0.0,0.0,0.0
991,1,1.0,0.0,0.0,0.0,0.0,0.0,0.0
953,1,1.0,0.0,0.0,0.0,0.0,0.0,0.0
1074,1,1.0,0.0,0.0,0.0,0.0,0.0,0.0
1030,1,1.0,0.0,0.0,0.0,0.0,0.0,0.0
1056,1,1.0,0.0,0.0,0.0,0.0,0.0,0.0
1063,1,1.0,0.0,0.0,0.0,0.0,0.0,0.0
1011,1,1.0,0.0,0.0,0.0,0.0,0.0,0.0
949,1,1.0,0.0,0.0,0.0,0.0,0.0,0.0
996,1,1.0,0.0,0.0,0.0,0.0,0.0,0.0
7628,1,1.0,0.0,0.0,0.0,0.0,0.0,0.0
674,1,1.0,0.0,0.0,0.0,0.0,0.0,0.0
530,1,1.0,0.0,0.0,0.0,0.0,0.0,0.0
495,1,1.0,0.0,0.0,0.0,0.0,0.0,0.0
600,1,1.0,0.0,0.0,0.0,0.0,0.0,0.0
572,1,1.0,0.0,0.0,0.0,0.0,0.0,0.0
667,1,1.0,0.0,0.0,0.0,0.0,0.0,0.0
487,1,1.0,0.0,0.0,0.0,0.0,0.0,0.0
562,1,1.0,0.0,0.0,0.0,0.0,0.0,0.0
645,1,1.0,0.0,0.0,0.0,0.0,0.0,0.0
527,1,1.0,0.0,0.0,0.0,0.0,0.0,0.0
661,1,1.0,0.0,0.0,0.0,0.0,0.0,0.0
623,1,1.0,0.0,0.0,0.0,0.0,0.0,0.0
9104,1,1.0,0.0,0.0,0.0,0.0,0.0,0.0
78,1,1.0,0.0,0.0,0.0,0.0,0.0,0.0
474,1,1.0,0.0,0.0,0.0,0.0,0.0,0.0
414,1,1.0,0.0,0.0,0.0,0.0,0.0,0.0
412,1,1.0,0.0,0.0,0.0,0.0,0.0,0.0
641,1,1.0,0.0,0.0,0.0,0.0,0.0,0.0
427,1,1.0,0.0,0.0,0.0,0.0,0.0,0.0
586,1,1.0,0.0,0.0,0.0,0.0,0.0,0.0
9102,1,1.0,0.0,0.0,0.0,0.0,0.0,0.0
421,1,1.0,0.0,0.0,0.0,0.0,0.0,0.0
599,1,1.0,0.0,0.0,0.0,0.0,0.0,0.0
473,1,1.0,0.0,0.0,0.0,0.0,0.0,0.0
1076,1,1.0,0.0,0.0,0.0,0.0,0.0,0.0
542,1,1.0,0.0,0.0,0.0,0.0,0.0,0.0
161,1,1.0,0.0,0.0,0.0,0.0,0.0,0.0
442,1,1.0,0.0,0.0,0.0,0.0,0.0,0.0
594,1,1.0,0.0,0.0,0.0,0.0,0.0,0.0
466,1,1.0,0.0,0.0,0.0,0.0,0.0,0.0
3383,1,1.0,0.0,0.0,0.0,0.0,0.0,0.0
438,1,1.0,0.0,0.0,0.0,0.0,0.0,0.0
485,1,1.0,0.0,0.0,0.0,0.0,0.0,0.0
423,1,1.0,0.0,0.0,0.0,0.0,0.0,0.0
489,1,1.0,0.0,0.0,0.0,0.0,0.0,0.0
490,1,1.0,0.0,0.0,0.0,0.0,0.0,0.0
9544,1,1.0,0.0,0.0,0.0,0.0,0.0,0.0
76,1,1.0,0.0,0.0,0.0,0.0,0.0,0.0
498,1,1.0,0.0,0.0,0.0,0.0,0.0,0.0
7221,1,1.0,0.0,0.0,0.0,0.0,0.0,0.0
7106,1,1.0,0.0,0.0,0.0,0.0,0.0,0.0
7112,1,1.0,0.0,0.0,0.0,0.0,0.0,0.0
62,1,1.0,0.0,0.0,0.0,0.0,0.0,0.0
63,1,1.0,0.0,0.0,0.0,0.0,0.0,0.0
64,1,1.0,0.0,0.0,0.0,0.0,0.0,0.0
69,1,1.0,0.0,0.0,0.0,0.0,0.0,0.0
70,1,1.0,0.0,0.0,0.0,0.0,0.0,0.0
71,1,1.0,0.0,0.0,0.0,0.0,0.0,0.0
73,1,1.0,0.0,0.0,0.0,0.0,0.0,0.0
74,1,1.0,0.0,0.0,0.0,0.0,0.0,0.0
75,1,1.0,0.0,0.0,0.0,0.0,0.0,0.0
82,1,1.0,0.0,0.0,0.0,0.0,0.0,0.0
92,1,1.0,0.0,0.0,0.0,0.0,0.0,0.0
93,1,1.0,0.0,0.0,0.0,0.0,0.0,0.0
94,1,1.0,0.0,0.0,0.0,0.0,0.0,0.0
99,1,1.0,0.0,0.0,0.0,0.0,0.0,0.0
104,1,1.0,0.0,0.0,0.0,0.0,0.0,0.0
109,1,1.0,0.0,0.0,0.0,0.0,0.0,0.0
112,1,1.0,0.0,0.0,0.0,0.0,0.0,0.0
113,1,1.0,0.0,0.0,0.0,0.0,0.0,0.0
114,1,1.0,0.0,0.0,0.0,0.0,0.0,0.0
115,1,1.0,0.0,0.0,0.0,0.0,0.0,0.0
117,1,1.0,0.0,0.0,0.0,0.0,0.0,0.0
125,1,1.0,0.0,0.0,0.0,0.0,0.0,0.0
127,1,1.0,0.0,0.0,0.0,0.0,0.0,0.0
128,1,1.0,0.0,0.0,0.0,0.0,0.0,0.0
130,1,1.0,0.0,0.0,0.0,0.0,0.0,0.0
381,1,1.0,0.0,0.0,0.0,0.0,0.0,0.0
416,1,1.0,0.0,0.0,0.0,0.0,0.0,0.0
420,1,1.0,0.0,0.0,0.0,0.0,0.0,0.0
426,1,1.0,0.0,0.0,0.0,0.0,0.0,0.0
451,1,1.0,0.0,0.0,0.0,0.0,0.0,0.0
580,1,1.0,0.0,0.0,0.0,0.0,0.0,0.0
607,1,1.0,0.0,0.0,0.0,0.0,0.0,0.0
788,1,1.0,0.0,0.0,0.0,0.0,0.0,0.0
789,1,1.0,0.0,0.0,0.0,0.0,0.0,0.0
1032,1,1.0,0.0,0.0,0.0,0.0,0.0,0.0
1102,1,1.0,0.0,0.0,0.0,0.0,0.0,0.0
1108,1,1.0,0.0,0.0,0.0,0.0,0.0,0.0
1119,1,1.0,0.0,0.0,0.0,0.0,0.0,0.0
1178,1,1.0,0.0,0.0,0.0,0.0,0.0,0.0
1273,1,1.0,0.0,0.0,0.0,0.0,0.0,0.0
1287,1,1.0,0.0,0.0,0.0,0.0,0.0,0.0
1315,1,1.0,0.0,0.0,0.0,0.0,0.0,0.0
1320,1,1.0,0.0,0.0,0.0,0.0,0.0,0.0
1494,1,1.0,0.0,0.0,0.0,0.0,0.0,0.0
1898,1,1.0,0.0,0.0,0.0,0.0,0.0,0.0
2082,1,1.0,0.0,0.0,0.0,0.0,0.0,0.0
2096,1,1.0,0.0,0.0,0.0,0.0,0.0,0.0
2377,1,1.0,0.0,0.0,0.0,0.0,0.0,0.0
2399,1,1.0,0.0,0.0,0.0,0.0,0.0,0.0
2424,1,1.0,0.0,0.0,0.0,0.0,0.0,0.0
2496,1,1.0,0.0,0.0,0.0,0.0,0.0,0.0
2886,1,1.0,0.0,0.0,0.0,0.0,0.0,0.0
2997,1,1.0,0.0,0.0,0.0,0.0,0.0,0.0
3002,1,1.0,0.0,0.0,0.0,0.0,0.0,0.0
3003,1,1.0,0.0,0.0,0.0,0.0,0.0,0.0
3005,1,1.0,0.0,0.0,0.0,0.0,0.0,0.0
3006,1,1.0,0.0,0.0,0.0,0.0,0.0,0.0
3050,1,1.0,0.0,0.0,0.0,0.0,0.0,0.0
3432,1,1.0,0.0,0.0,0.0,0.0,0.0,0.0
3438,1,1.0,0.0,0.0,0.0,0.0,0.0,0.0
3446,1,1.0,0.0,0.0,0.0,0.0,0.0,0.0
3448,1,1.0,0.0,0.0,0.0,0.0,0.0,0.0
3471,1,1.0,0.0,0.0,0.0,0.0,0.0,0.0
3480,1,1.0,0.0,0.0,0.0,0.0,0.0,0.0
3501,1,1.0,0.0,0.0,0.0,0.0,0.0,0.0
4360,1,1.0,0.0,0.0,0.0,0.0,0.0,0.0
4496,1,1.0,0.0,0.0,0.0,0.0,0.0,0.0
4497,1,1.0,0.0,0.0,0.0,0.0,0.0,0.0
4504,1,1.0,0.0,0.0,0.0,0.0,0.0,0.0
4505,1,1.0,0.0,0.0,0.0,0.0,0.0,0.0
4507,1,1.0,0.0,0.0,0.0,0.0,0.0,0.0
4508,1,1.0,0.0,0.0,0.0,0.0,0.0,0.0
4510,1,1.0,0.0,0.0,0.0,0.0,0.0,0.0
4511,1,1.0,0.0,0.0,0.0,0.0,0.0,0.0
4512,1,1.0,0.0,0.0,0.0,0.0,0.0,0.0
4524,1,1.0,0.0,0.0,0.0,0.0,0.0,0.0
4540,1,1.0,0.0,0.0,0.0,0.0,0.0,0.0
4541,1,1.0,0.0,0.0,0.0,0.0,0.0,0.0
4563,1,1.0,0.0,0.0,0.0,0.0,0.0,0.0
4574,1,1.0,0.0,0.0,0.0,0.0,0.0,0.0
4578,1,1.0,0.0,0.0,0.0,0.0,0.0,0.0
4579,1,1.0,0.0,0.0,0.0,0.0,0.0,0.0
4588,1,1.0,0.0,0.0,0.0,0.0,0.0,0.0
4591,1,1.0,0.0,0.0,0.0,0.0,0.0,0.0
4595,1,1.0,0.0,0.0,0.0,0.0,0.0,0.0
4972,1,1.0,0.0,0.0,0.0,0.0,0.0,0.0
4974,1,1.0,0.0,0.0,0.0,0.0,0.0,0.0
4975,1,1.0,0.0,0.0,0.0,0.0,0.0,0.0
5004,1,1.0,0.0,0.0,0.0,0.0,0.0,0.0
5110,1,1.0,0.0,0.0,0.0,0.0,0.0,0.0
5142,1,1.0,0.0,0.0,0.0,0.0,0.0,0.0
5162,1,1.0,0.0,0.0,0.0,0.0,0.0,0.0
5302,1,1.0,0.0,0.0,0.0,0.0,0.0,0.0
5437,1,1.0,0.0,0.0,0.0,0.0,0.0,0.0
5528,1,1.0,0.0,0.0,0.0,0.0,0.0,0.0
5572,1,1.0,0.0,0.0,0.0,0.0,0.0,0.0
5575,1,1.0,0.0,0.0,0.0,0.0,0.0,0.0
5577,1,1.0,0.0,0.0,0.0,0.0,0.0,0.0
5690,1,1.0,0.0,0.0,0.0,0.0,0.0,0.0
5696,1,1.0,0.0,0.0,0.0,0.0,0.0,0.0
5722,1,1.0,0.0,0.0,0.0,0.0,0.0,0.0
5724,1,1.0,0.0,0.0,0.0,0.0,0.0,0.0
5731,1,1.0,0.0,0.0,0.0,0.0,0.0,0.0
5734,1,1.0,0.0,0.0,0.0,0.0,0.0,0.0
5738,1,1.0,0.0,0.0,0.0,0.0,0.0,0.0
5753,1,1.0,0.0,0.0,0.0,0.0,0.0,0.0
5804,1,1.0,0.0,0.0,0.0,0.0,0.0,0.0
5818,1,1.0,0.0,0.0,0.0,0.0,0.0,0.0
5824,1,1.0,0.0,0.0,0.0,0.0,0.0,0.0
5832,1,1.0,0.0,0.0,0.0,0.0,0.0,0.0
5841,1,1.0,0.0,0.0,0.0,0.0,0.0,0.0
5853,1,1.0,0.0,0.0,0.0,0.0,0.0,0.0
5872,1,1.0,0.0,0.0,0.0,0.0,0.0,0.0
5924,1,1.0,0.0,0.0,0.0,0.0,0.0,0.0
5925,1,1.0,0.0,0.0,0.0,0.0,0.0,0.0
5938,1,1.0,0.0,0.0,0.0,0.0,0.0,0.0
5971,1,1.0,0.0,0.0,0.0,0.0,0.0,0.0
6080,1,1.0,0.0,0.0,0.0,0.0,0.0,0.0
6082,1,1.0,0.0,0.0,0.0,0.0,0.0,0.0
6296,1,1.0,0.0,0.0,0.0,0.0,0.0,0.0
6298,1,1.0,0.0,0.0,0.0,0.0,0.0,0.0
6299,1,1.0,0.0,0.0,0.0,0.0,0.0,0.0
6410,1,1.0,0.0,0.0,0.0,0.0,0.0,0.0
6442,1,1.0,0.0,0.0,0.0,0.0,0.0,0.0
6443,1,1.0,0.0,0.0,0.0,0.0,0.0,0.0
6445,1,1.0,0.0,0.0,0.0,0.0,0.0,0.0
6446,1,1.0,0.0,0.0,0.0,0.0,0.0,0.0
6487,1,1.0,0.0,0.0,0.0,0.0,0.0,0.0
6507,1,1.0,0.0,0.0,0.0,0.0,0.0,0.0
6509,1,1.0,0.0,0.0,0.0,0.0,0.0,0.0
6510,1,1.0,0.0,0.0,0.0,0.0,0.0,0.0
6511,1,1.0,0.0,0.0,0.0,0.0,0.0,0.0
6512,1,1.0,0.0,0.0,0.0,0.0,0.0,0.0
6513,1,1.0,0.0,0.0,0.0,0.0,0.0,0.0
6514,1,1.0,0.0,0.0,0.0,0.0,0.0,0.0
6515,1,1.0,0.0,0.0,0.0,0.0,0.0,0.0
6517,1,1.0,0.0,0.0,0.0,0.0,0.0,0.0
6564,1,1.0,0.0,0.0,0.0,0.0,0.0,0.0
6566,1,1.0,0.0,0.0,0.0,0.0,0.0,0.0
6611,1,1.0,0.0,0.0,0.0,0.0,0.0,0.0
6665,1,1.0,0.0,0.0,0.0,0.0,0.0,0.0
6701,1,1.0,0.0,0.0,0.0,0.0,0.0,0.0
6702,1,1.0,0.0,0.0,0.0,0.0,0.0,0.0
6703,1,1.0,0.0,0.0,0.0,0.0,0.0,0.0
6705,1,1.0,0.0,0.0,0.0,0.0,0.0,0.0
6862,1,1.0,0.0,0.0,0.0,0.0,0.0,0.0
6893,1,1.0,0.0,0.0,0.0,0.0,0.0,0.0
6898,1,1.0,0.0,0.0,0.0,0.0,0.0,0.0
6899,1,1.0,0.0,0.0,0.0,0.0,0.0,0.0
6934,1,1.0,0.0,0.0,0.0,0.0,0.0,0.0
6990,1,1.0,0.0,0.0,0.0,0.0,0.0,0.0
7031,1,1.0,0.0,0.0,0.0,0.0,0.0,0.0
7059,1,1.0,0.0,0.0,0.0,0.0,0.0,0.0
7101,1,1.0,0.0,0.0,0.0,0.0,0.0,0.0
7102,1,1.0,0.0,0.0,0.0,0.0,0.0,0.0
7103,1,1.0,0.0,0.0,0.0,0.0,0.0,0.0
7104,1,1.0,0.0,0.0,0.0,0.0,0.0,0.0
7105,1,1.0,0.0,0.0,0.0,0.0,0.0,0.0
7197,1,1.0,0.0,0.0,0.0,0.0,0.0,0.0
7201,1,1.0,0.0,0.0,0.0,0.0,0.0,0.0
7203,1,1.0,0.0,0.0,0.0,0.0,0.0,0.0
7209,1,1.0,0.0,0.0,0.0,0.0,0.0,0.0
7235,1,1.0,0.0,0.0,0.0,0.0,0.0,0.0
7236,1,1.0,0.0,0.0,0.0,0.0,0.0,0.0
7237,1,1.0,0.0,0.0,0.0,0.0,0.0,0.0
7238,1,1.0,0.0,0.0,0.0,0.0,0.0,0.0
7279,1,1.0,0.0,0.0,0.0,0.0,0.0,0.0
7289,1,1.0,0.0,0.0,0.0,0.0,0.0,0.0
7301,1,1.0,0.0,0.0,0.0,0.0,0.0,0.0
7302,1,1.0,0.0,0.0,0.0,0.0,0.0,0.0
7303,1,1.0,0.0,0.0,0.0,0.0,0.0,0.0
7304,1,1.0,0.0,0.0,0.0,0.0,0.0,0.0
7305,1,1.0,0.0,0.0,0.0,0.0,0.0,0.0
7306,1,1.0,0.0,0.0,0.0,0.0,0.0,0.0
7380,1,1.0,0.0,0.0,0.0,0.0,0.0,0.0
7381,1,1.0,0.0,0.0,0.0,0.0,0.0,0.0
7382,1,1.0,0.0,0.0,0.0,0.0,0.0,0.0
7384,1,1.0,0.0,0.0,0.0,0.0,0.0,0.0
7385,1,1.0,0.0,0.0,0.0,0.0,0.0,0.0
7386,1,1.0,0.0,0.0,0.0,0.0,0.0,0.0
7389,1,1.0,0.0,0.0,0.0,0.0,0.0,0.0
7390,1,1.0,0.0,0.0,0.0,0.0,0.0,0.0
7394,1,1.0,0.0,0.0,0.0,0.0,0.0,0.0
7395,1,1.0,0.0,0.0,0.0,0.0,0.0,0.0
7396,1,1.0,0.0,0.0,0.0,0.0,0.0,0.0
7397,1,1.0,0.0,0.0,0.0,0.0,0.0,0.0
7398,1,1.0,0.0,0.0,0.0,0.0,0.0,0.0
7401,1,1.0,0.0,0.0,0.0,0.0,0.0,0.0
7407,1,1.0,0.0,0.0,0.0,0.0,0.0,0.0
7408,1,1.0,0.0,0.0,0.0,0.0,0.0,0.0
7410,1,1.0,0.0,0.0,0.0,0.0,0.0,0.0
7412,1,1.0,0.0,0.0,0.0,0.0,0.0,0.0
7448,1,1.0,0.0,0.0,0.0,0.0,0.0,0.0
7534,1,1.0,0.0,0.0,0.0,0.0,0.0,0.0
7536,1,1.0,0.0,0.0,0.0,0.0,0.0,0.0
7568,1,1.0,0.0,0.0,0.0,0.0,0.0,0.0
7584,1,1.0,0.0,0.0,0.0,0.0,0.0,0.0
7591,1,1.0,0.0,0.0,0.0,0.0,0.0,0.0
7593,1,1.0,0.0,0.0,0.0,0.0,0.0,0.0
7663,1,1.0,0.0,0.0,0.0,0.0,0.0,0.0
7691,1,1.0,0.0,0.0,0.0,0.0,0.0,0.0
7693,1,1.0,0.0,0.0,0.0,0.0,0.0,0.0
7716,1,1.0,0.0,0.0,0.0,0.0,0.0,0.0
7732,1,1.0,0.0,0.0,0.0,0.0,0.0,0.0
7749,1,1.0,0.0,0.0,0.0,0.0,0.0,0.0
7789,1,1.0,0.0,0.0,0.0,0.0,0.0,0.0
7801,1,1.0,0.0,0.0,0.0,0.0,0.0,0.0
7816,1,1.0,0.0,0.0,0.0,0.0,0.0,0.0
7818,1,1.0,0.0,0.0,0.0,0.0,0.0,0.0
7819,1,1.0,0.0,0.0,0.0,0.0,0.0,0.0
7820,1,1.0,0.0,0.0,0.0,0.0,0.0,0.0
7821,1,1.0,0.0,0.0,0.0,0.0,0.0,0.0
7822,1,1.0,0.0,0.0,0.0,0.0,0.0,0.0
7823,1,1.0,0.0,0.0,0.0,0.0,0.0,0.0
7911,1,1.0,0.0,0.0,0.0,0.0,0.0,0.0
7917,1,1.0,0.0,0.0,0.0,0.0,0.0,0.0
7922,1,1.0,0.0,0.0,0.0,0.0,0.0,0.0
7923,1,1.0,0.0,0.0,0.0,0.0,0.0,0.0
7926,1,1.0,0.0,0.0,0.0,0.0,0.0,0.0
7992,1,1.0,0.0,0.0,0.0,0.0,0.0,0.0
7995,1,1.0,0.0,0.0,0.0,0.0,0.0,0.0
7996,1,1.0,0.0,0.0,0.0,0.0,0.0,0.0
8023,1,1.0,0.0,0.0,0.0,0.0,0.0,0.0
8024,1,1.0,0.0,0.0,0.0,0.0,0.0,0.0
8025,1,1.0,0.0,0.0,0.0,0.0,0.0,0.0
8038,1,1.0,0.0,0.0,0.0,0.0,0.0,0.0
8039,1,1.0,0.0,0.0,0.0,0.0,0.0,0.0
8046,1,1.0,0.0,0.0,0.0,0.0,0.0,0.0
8047,1,1.0,0.0,0.0,0.0,0.0,0.0,0.0
8056,1,1.0,0.0,0.0,0.0,0.0,0.0,0.0
8057,1,1.0,0.0,0.0,0.0,0.0,0.0,0.0
8058,1,1.0,0.0,0.0,0.0,0.0,0.0,0.0
8059,1,1.0,0.0,0.0,0.0,0.0,0.0,0.0
8060,1,1.0,0.0,0.0,0.0,0.0,0.0,0.0
8061,1,1.0,0.0,0.0,0.0,0.0,0.0,0.0
8062,1,1.0,0.0,0.0,0.0,0.0,0.0,0.0
8101,1,1.0,0.0,0.0,0.0,0.0,0.0,0.0
8102,1,1.0,0.0,0.0,0.0,0.0,0.0,0.0
8103,1,1.0,0.0,0.0,0.0,0.0,0.0,0.0
8104,1,1.0,0.0,0.0,0.0,0.0,0.0,0.0
8160,1,1.0,0.0,0.0,0.0,0.0,0.0,0.0
8201,1,1.0,0.0,0.0,0.0,0.0,0.0,0.0
8202,1,1.0,0.0,0.0,0.0,0.0,0.0,0.0
8203,1,1.0,0.0,0.0,0.0,0.0,0.0,0.0
8204,1,1.0,0.0,0.0,0.0,0.0,0.0,0.0
8266,1,1.0,0.0,0.0,0.0,0.0,0.0,0.0
8296,1,1.0,0.0,0.0,0.0,0.0,0.0,0.0
8297,1,1.0,0.0,0.0,0.0,0.0,0.0,0.0
8298,1,1.0,0.0,0.0,0.0,0.0,0.0,0.0
8301,1,1.0,0.0,0.0,0.0,0.0,0.0,0.0
8302,1,1.0,0.0,0.0,0.0,0.0,0.0,0.0
8303,1,1.0,0.0,0.0,0.0,0.0,0.0,0.0
8304,1,1.0,0.0,0.0,0.0,0.0,0.0,0.0
8317,1,1.0,0.0,0.0,0.0,0.0,0.0,0.0
8319,1,1.0,0.0,0.0,0.0,0.0,0.0,0.0
8323,1,1.0,0.0,0.0,0.0,0.0,0.0,0.0
8329,1,1.0,0.0,0.0,0.0,0.0,0.0,0.0
8344,1,1.0,0.0,0.0,0.0,0.0,0.0,0.0
8345,1,1.0,0.0,0.0,0.0,0.0,0.0,0.0
8350,1,1.0,0.0,0.0,0.0,0.0,0.0,0.0
8371,1,1.0,0.0,0.0,0.0,0.0,0.0,0.0
8372,1,1.0,0.0,0.0,0.0,0.0,0.0,0.0
8373,1,1.0,0.0,0.0,0.0,0.0,0.0,0.0
8392,1,1.0,0.0,0.0,0.0,0.0,0.0,0.0
8393,1,1.0,0.0,0.0,0.0,0.0,0.0,0.0
8401,1,1.0,0.0,0.0,0.0,0.0,0.0,0.0
8402,1,1.0,0.0,0.0,0.0,0.0,0.0,0.0
8403,1,1.0,0.0,0.0,0.0,0.0,0.0,0.0
8404,1,1.0,0.0,0.0,0.0,0.0,0.0,0.0
8405,1,1.0,0.0,0.0,0.0,0.0,0.0,0.0
8406,1,1.0,0.0,0.0,0.0,0.0,0.0,0.0
8409,1,1.0,0.0,0.0,0.0,0.0,0.0,0.0
8422,1,1.0,0.0,0.0,0.0,0.0,0.0,0.0
8423,1,1.0,0.0,0.0,0.0,0.0,0.0,0.0
8445,1,1.0,0.0,0.0,0.0,0.0,0.0,0.0
8446,1,1.0,0.0,0.0,0.0,0.0,0.0,0.0
8447,1,1.0,0.0,0.0,0.0,0.0,0.0,0.0
8448,1,1.0,0.0,0.0,0.0,0.0,0.0,0.0
8449,1,1.0,0.0,0.0,0.0,0.0,0.0,0.0
8450,1,1.0,0.0,0.0,0.0,0.0,0.0,0.0
8454,1,1.0,0.0,0.0,0.0,0.0,0.0,0.0
8455,1,1.0,0.0,0.0,0.0,0.0,0.0,0.0
8456,1,1.0,0.0,0.0,0.0,0.0,0.0,0.0
8457,1,1.0,0.0,0.0,0.0,0.0,0.0,0.0
8541,1,1.0,0.0,0.0,0.0,0.0,0.0,0.0
8585,1,1.0,0.0,0.0,0.0,0.0,0.0,0.0
8694,1,1.0,0.0,0.0,0.0,0.0,0.0,0.0
8755,1,1.0,0.0,0.0,0.0,0.0,0.0,0.0
8770,1,1.0,0.0,0.0,0.0,0.0,0.0,0.0
8796,1,1.0,0.0,0.0,0.0,0.0,0.0,0.0
8886,1,1.0,0.0,0.0,0.0,0.0,0.0,0.0
8965,1,1.0,0.0,0.0,0.0,0.0,0.0,0.0
8974,1,1.0,0.0,0.0,0.0,0.0,0.0,0.0
8975,1,1.0,0.0,0.0,0.0,0.0,0.0,0.0
8998,1,1.0,0.0,0.0,0.0,0.0,0.0,0.0
8999,1,1.0,0.0,0.0,0.0,0.0,0.0,0.0
9000,1,1.0,0.0,0.0,0.0,0.0,0.0,0.0
9021,1,1.0,0.0,0.0,0.0,0.0,0.0,0.0
9030,1,1.0,0.0,0.0,0.0,0.0,0.0,0.0
9045,1,1.0,0.0,0.0,0.0,0.0,0.0,0.0
9105,1,1.0,0.0,0.0,0.0,0.0,0.0,0.0
9304,1,1.0,0.0,0.0,0.0,0.0,0.0,0.0
9350,1,1.0,0.0,0.0,0.0,0.0,0.0,0.0
9351,1,1.0,0.0,0.0,0.0,0.0,0.0,0.0
9357,1,1.0,0.0,0.0,0.0,0.0,0.0,0.0
9358,1,1.0,0.0,0.0,0.0,0.0,0.0,0.0
9435,1,1.0,0.0,0.0,0.0,0.0,0.0,0.0
9456,1,1.0,0.0,0.0,0.0,0.0,0.0,0.0
9469,1,1.0,0.0,0.0,0.0,0.0,0.0,0.0
9478,1,1.0,0.0,0.0,0.0,0.0,0.0,0.0
9479,1,1.0,0.0,0.0,0.0,0.0,0.0,0.0
9482,1,1.0,0.0,0.0,0.0,0.0,0.0,0.0
9495,1,1.0,0.0,0.0,0.0,0.0,0.0,0.0
9509,1,1.0,0.0,0.0,0.0,0.0,0.0,0.0
9752,1,1.0,0.0,0.0,0.0,0.0,0.0,0.0
9865,1,1.0,0.0,0.0,0.0,0.0,0.0,0.0
9994,1,1.0,0.0,0.0,0.0,0.0,0.0,0.0
9995,1,1.0,0.0,0.0,0.0,0.0,0.0,0.0
9996,1,1.0,0.0,0.0,0.0,0.0,0.0,0.0
9997,1,1.0,0.0,0.0,0.0,0.0,0.0,0.0
10055,1,1.0,0.0,0.0,0.0,0.0,0.0,0.0
10056,1,1.0,0.0,0.0,0.0,0.0,0.0,0.0
10069,1,1.0,0.0,0.0,0.0,0.0,0.0,0.0
10070,1,1.0,0.0,0.0,0.0,0.0,0.0,0.0
10081,1,1.0,0.0,0.0,0.0,0.0,0.0,0.0
10087,1,1.0,0.0,0.0,0.0,0.0,0.0,0.0
10094,1,1.0,0.0,0.0,0.0,0.0,0.0,0.0
10213,1,1.0,0.0,0.0,0.0,0.0,0.0,0.0
10215,1,1.0,0.0,0.0,0.0,0.0,0.0,0.0
10216,1,1.0,0.0,0.0,0.0,0.0,0.0,0.0
10258,1,1.0,0.0,0.0,0.0,0.0,0.0,0.0
10276,1,1.0,0.0,0.0,0.0,0.0,0.0,0.0
10282,1,1.0,0.0,0.0,0.0,0.0,0.0,0.0
10283,1,1.0,0.0,0.0,0.0,0.0,0.0,0.0
10298,1,1.0,0.0,0.0,0.0,0.0,0.0,0.0
10307,1,1.0,0.0,0.0,0.0,0.0,0.0,0.0
10355,1,1.0,0.0,0.0,0.0,0.0,0.0,0.0
10399,1,1.0,0.0,0.0,0.0,0.0,0.0,0.0
10425,1,1.0,0.0,0.0,0.0,0.0,0.0,0.0
10426,1,1.0,0.0,0.0,0.0,0.0,0.0,0.0
41004,1,1.0,0.0,0.0,0.0,0.0,0.0,0.0
41413,1,1.0,0.0,0.0,0.0,0.0,0.0,0.0
41414,1,1.0,0.0,0.0,0.0,0.0,0.0,0.0
41415,1,1.0,0.0,0.0,0.0,0.0,0.0,0.0
41416,1,1.0,0.0,0.0,0.0,0.0,0.0,0.0
41421,1,1.0,0.0,0.0,0.0,0.0,0.0,0.0
41820,1,1.0,0.0,0.0,0.0,0.0,0.0,0.0
41821,1,1.0,0.0,0.0,0.0,0.0,0.0,0.0
41822,1,1.0,0.0,0.0,0.0,0.0,0.0,0.0
41823,1,1.0,0.0,0.0,0.0,0.0,0.0,0.0
41824,1,1.0,0.0,0.0,0.0,0.0,0.0,0.0
41825,1,1.0,0.0,0.0,0.0,0.0,0.0,0.0
41876,1,1.0,0.0,0.0,0.0,0.0,0.0,0.0
41934,1,1.0,0.0,0.0,0.0,0.0,0.0,0.0
41948,1,1.0,0.0,0.0,0.0,0.0,0.0,0.0
42251,1,1.0,0.0,0.0,0.0,0.0,0.0,0.0
42252,1,1.0,0.0,0.0,0.0,0.0,0.0,0.0
42400,1,1.0,0.0,0.0,0.0,0.0,0.0,0.0
43421,1,1.0,0.0,0.0,0.0,0.0,0.0,0.0
43422,1,1.0,0.0,0.0,0.0,0.0,0.0,0.0
43672,1,1.0,0.0,0.0,0.0,0.0,0.0,0.0
43673,1,1.0,0.0,0.0,0.0,0.0,0.0,0.0
43797,1,1.0,0.0,0.0,0.0,0.0,0.0,0.0
43798,1,1.0,0.0,0.0,0.0,0.0,0.0,0.0
43799,1,1.0,0.0,0.0,0.0,0.0,0.0,0.0
43800,1,1.0,0.0,0.0,0.0,0.0,0.0,0.0
43952,1,1.0,0.0,0.0,0.0,0.0,0.0,0.0
43954,1,1.0,0.0,0.0,0.0,0.0,0.0,0.0
43955,1,1.0,0.0,0.0,0.0,0.0,0.0,0.0
43956,1,1.0,0.0,0.0,0.0,0.0,0.0,0.0
43957,1,1.0,0.0,0.0,0.0,0.0,0.0,0.0
43958,1,1.0,0.0,0.0,0.0,0.0,0.0,0.0
43959,1,1.0,0.0,0.0,0.0,0.0,0.0,0.0
44090,1,1.0,0.0,0.0,0.0,0.0,0.0,0.0
44091,1,1.0,0.0,0.0,0.0,0.0,0.0,0.0
44092,1,1.0,0.0,0.0,0.0,0.0,0.0,0.0
44093,1,1.0,0.0,0.0,0.0,0.0,0.0,0.0
44094,1,1.0,0.0,0.0,0.0,0.0,0.0,0.0
44096,1,1.0,0.0,0.0,0.0,0.0,0.0,0.0
44097,1,1.0,0.0,0.0,0.0,0.0,0.0,0.0
44098,1,1.0,0.0,0.0,0.0,0.0,0.0,0.0
44099,1,1.0,0.0,0.0,0.0,0.0,0.0,0.0
44106,1,1.0,0.0,0.0,0.0,0.0,0.0,0.0
44107,1,1.0,0.0,0.0,0.0,0.0,0.0,0.0
44108,1,1.0,0.0,0.0,0.0,0.0,0.0,0.0
44109,1,1.0,0.0,0.0,0.0,0.0,0.0,0.0
44110,1,1.0,0.0,0.0,0.0,0.0,0.0,0.0
44155,1,1.0,0.0,0.0,0.0,0.0,0.0,0.0
44307,1,1.0,0.0,0.0,0.0,0.0,0.0,0.0
44308,1,1.0,0.0,0.0,0.0,0.0,0.0,0.0
44309,1,1.0,0.0,0.0,0.0,0.0,0.0,0.0
44328,1,1.0,0.0,0.0,0.0,0.0,0.0,0.0
44330,1,1.0,0.0,0.0,0.0,0.0,0.0,0.0
44352,1,1.0,0.0,0.0,0.0,0.0,0.0,0.0
44353,1,1.0,0.0,0.0,0.0,0.0,0.0,0.0
44355,1,1.0,0.0,0.0,0.0,0.0,0.0,0.0
44356,1,1.0,0.0,0.0,0.0,0.0,0.0,0.0
44358,1,1.0,0.0,0.0,0.0,0.0,0.0,0.0
44504,1,1.0,0.0,0.0,0.0,0.0,0.0,0.0
44505,1,1.0,0.0,0.0,0.0,0.0,0.0,0.0
44506,1,1.0,0.0,0.0,0.0,0.0,0.0,0.0
44531,1,1.0,0.0,0.0,0.0,0.0,0.0,0.0
44537,1,1.0,0.0,0.0,0.0,0.0,0.0,0.0
44546,1,1.0,0.0,0.0,0.0,0.0,0.0,0.0
44554,1,1.0,0.0,0.0,0.0,0.0,0.0,0.0
44578,1,1.0,0.0,0.0,0.0,0.0,0.0,0.0
44583,1,1.0,0.0,0.0,0.0,0.0,0.0,0.0
44596,1,1.0,0.0,0.0,0.0,0.0,0.0,0.0
44601,1,1.0,0.0,0.0,0.0,0.0,0.0,0.0
44604,1,1.0,0.0,0.0,0.0,0.0,0.0,0.0
44609,1,1.0,0.0,0.0,0.0,0.0,0.0,0.0
44610,1,1.0,0.0,0.0,0.0,0.0,0.0,0.0
44618,1,1.0,0.0,0.0,0.0,0.0,0.0,0.0
44636,1,1.0,0.0,0.0,0.0,0.0,0.0,0.0
44638,1,1.0,0.0,0.0,0.0,0.0,0.0,0.0
44640,1,1.0,0.0,0.0,0.0,0.0,0.0,0.0
44641,1,1.0,0.0,0.0,0.0,0.0,0.0,0.0
44652,1,1.0,0.0,0.0,0.0,0.0,0.0,0.0
44656,1,1.0,0.0,0.0,0.0,0.0,0.0,0.0
44665,1,1.0,0.0,0.0,0.0,0.0,0.0,0.0
44668,1,1.0,0.0,0.0,0.0,0.0,0.0,0.0
44671,1,1.0,0.0,0.0,0.0,0.0,0.0,0.0
44677,1,1.0,0.0,0.0,0.0,0.0,0.0,0.0
44700,1,1.0,0.0,0.0,0.0,0.0,0.0,0.0
44705,1,1.0,0.0,0.0,0.0,0.0,0.0,0.0
44709,1,1.0,0.0,0.0,0.0,0.0,0.0,0.0
44714,1,1.0,0.0,0.0,0.0,0.0,0.0,0.0
44781,1,1.0,0.0,0.0,0.0,0.0,0.0,0.0
44783,1,1.0,0.0,0.0,0.0,0.0,0.0,0.0
44790,1,1.0,0.0,0.0,0.0,0.0,0.0,0.0
44794,1,1.0,0.0,0.0,0.0,0.0,0.0,0.0
44798,1,1.0,0.0,0.0,0.0,0.0,0.0,0.0
44807,1,1.0,0.0,0.0,0.0,0.0,0.0,0.0
44812,1,1.0,0.0,0.0,0.0,0.0,0.0,0.0
44930,1,1.0,0.0,0.0,0.0,0.0,0.0,0.0
44932,1,1.0,0.0,0.0,0.0,0.0,0.0,0.0
44940,1,1.0,0.0,0.0,0.0,0.0,0.0,0.0
44941,1,1.0,0.0,0.0,0.0,0.0,0.0,0.0
44945,1,1.0,0.0,0.0,0.0,0.0,0.0,0.0
44946,1,1.0,0.0,0.0,0.0,0.0,0.0,0.0
44947,1,1.0,0.0,0.0,0.0,0.0,0.0,0.0
44957,1,1.0,0.0,0.0,0.0,0.0,0.0,0.0
44960,1,1.0,0.0,0.0,0.0,0.0,0.0,0.0
44963,1,1.0,0.0,0.0,0.0,0.0,0.0,0.0
44978,1,1.0,0.0,0.0,0.0,0.0,0.0,0.0
44985,1,1.0,0.0,0.0,0.0,0.0,0.0,0.0
45015,1,1.0,0.0,0.0,0.0,0.0,0.0,0.0
45016,1,1.0,0.0,0.0,0.0,0.0,0.0,0.0
45018,1,1.0,0.0,0.0,0.0,0.0,0.0,0.0
45019,1,1.0,0.0,0.0,0.0,0.0,0.0,0.0
45020,1,1.0,0.0,0.0,0.0,0.0,0.0,0.0
45021,1,1.0,0.0,0.0,0.0,0.0,0.0,0.0
45022,1,1.0,0.0,0.0,0.0,0.0,0.0,0.0
45025,1,1.0,0.0,0.0,0.0,0.0,0.0,0.0
45026,1,1.0,0.0,0.0,0.0,0.0,0.0,0.0
45028,1,1.0,0.0,0.0,0.0,0.0,0.0,0.0
45029,1,1.0,0.0,0.0,0.0,0.0,0.0,0.0
45030,1,1.0,0.0,0.0,0.0,0.0,0.0,0.0
45031,1,1.0,0.0,0.0,0.0,0.0,0.0,0.0
45032,1,1.0,0.0,0.0,0.0,0.0,0.0,0.0
45057,1,1.0,0.0,0.0,0.0,0.0,0.0,0.0
45085,1,1.0,0.0,0.0,0.0,0.0,0.0,0.0
45086,1,1.0,0.0,0.0,0.0,0.0,0.0,0.0
45092,1,1.0,0.0,0.0,0.0,0.0,0.0,0.0
45102,1,1.0,0.0,0.0,0.0,0.0,0.0,0.0
45111,1,1.0,0.0,0.0,0.0,0.0,0.0,0.0
45123,1,1.0,0.0,0.0,0.0,0.0,0.0,0.0
45125,1,1.0,0.0,0.0,0.0,0.0,0.0,0.0
45130,1,1.0,0.0,0.0,0.0,0.0,0.0,0.0
45164,1,1.0,0.0,0.0,0.0,0.0,0.0,0.0
45198,1,1.0,0.0,0.0,0.0,0.0,0.0,0.0
45201,1,1.0,0.0,0.0,0.0,0.0,0.0,0.0
45204,1,1.0,0.0,0.0,0.0,0.0,0.0,0.0
45207,1,1.0,0.0,0.0,0.0,0.0,0.0,0.0
45220,1,1.0,0.0,0.0,0.0,0.0,0.0,0.0
45223,1,1.0,0.0,0.0,0.0,0.0,0.0,0.0
45270,1,1.0,0.0,0.0,0.0,0.0,0.0,0.0
45305,1,1.0,0.0,0.0,0.0,0.0,0.0,0.0
45306,1,1.0,0.0,0.0,0.0,0.0,0.0,0.0
45307,1,1.0,0.0,0.0,0.0,0.0,0.0,0.0
45326,1,1.0,0.0,0.0,0.0,0.0,0.0,0.0
45329,1,1.0,0.0,0.0,0.0,0.0,0.0,0.0
45330,1,1.0,0.0,0.0,0.0,0.0,0.0,0.0
45331,1,1.0,0.0,0.0,0.0,0.0,0.0,0.0
45333,1,1.0,0.0,0.0,0.0,0.0,0.0,0.0
45335,1,1.0,0.0,0.0,0.0,0.0,0.0,0.0
45344,1,1.0,0.0,0.0,0.0,0.0,0.0,0.0
45358,1,1.0,0.0,0.0,0.0,0.0,0.0,0.0
45371,1,1.0,0.0,0.0,0.0,0.0,0.0,0.0
45375,1,1.0,0.0,0.0,0.0,0.0,0.0,0.0
45475,1,1.0,0.0,0.0,0.0,0.0,0.0,0.0
45480,1,1.0,0.0,0.0,0.0,0.0,0.0,0.0
45530,1,1.0,0.0,0.0,0.0,0.0,0.0,0.0
45539,1,1.0,0.0,0.0,0.0,0.0,0.0,0.0
45542,1,1.0,0.0,0.0,0.0,0.0,0.0,0.0
45545,1,1.0,0.0,0.0,0.0,0.0,0.0,0.0
45548,1,1.0,0.0,0.0,0.0,0.0,0.0,0.0
45551,1,1.0,0.0,0.0,0.0,0.0,0.0,0.0
45554,1,1.0,0.0,0.0,0.0,0.0,0.0,0.0
45557,1,1.0,0.0,0.0,0.0,0.0,0.0,0.0
45560,1,1.0,0.0,0.0,0.0,0.0,0.0,0.0
45583,1,1.0,0.0,0.0,0.0,0.0,0.0,0.0
45587,1,1.0,0.0,0.0,0.0,0.0,0.0,0.0
45595,1,1.0,0.0,0.0,0.0,0.0,0.0,0.0
45599,1,1.0,0.0,0.0,0.0,0.0,0.0,0.0
45611,1,1.0,0.0,0.0,0.0,0.0,0.0,0.0
45625,1,1.0,0.0,0.0,0.0,0.0,0.0,0.0
45675,1,1.0,0.0,0.0,0.0,0.0,0.0,0.0
45680,1,1.0,0.0,0.0,0.0,0.0,0.0,0.0
45682,1,1.0,0.0,0.0,0.0,0.0,0.0,0.0
45699,1,1.0,0.0,0.0,0.0,0.0,0.0,0.0
45710,1,1.0,0.0,0.0,0.0,0.0,0.0,0.0
45729,1,1.0,0.0,0.0,0.0,0.0,0.0,0.0
45751,1,1.0,0.0,0.0,0.0,0.0,0.0,0.0
45762,1,1.0,0.0,0.0,0.0,0.0,0.0,0.0
45773,1,1.0,0.0,0.0,0.0,0.0,0.0,0.0
45778,1,1.0,0.0,0.0,0.0,0.0,0.0,0.0
45791,1,1.0,0.0,0.0,0.0,0.0,0.0,0.0
45828,1,1.0,0.0,0.0,0.0,0.0,0.0,0.0
45919,1,1.0,0.0,0.0,0.0,0.0,0.0,0.0
4930,1,1.0,0.0,0.0,0.0,0.0,0.0,0.0
8752,1,1.0,0.0,0.0,0.0,0.0,0.0,0.0
8249,1,1.0,0.0,0.0,0.0,0.0,0.0,0.0
44821,1,1.0,0.0,0.0,0.0,0.0,0.0,0.0
42378,1,1.0,0.0,0.0,0.0,0.0,0.0,0.0
6272,1,1.0,0.0,0.0,0.0,0.0,0.0,0.0
42356,1,1.0,0.0,0.0,0.0,0.0,0.0,0.0
43990,1,1.0,0.0,0.0,0.0,0.0,0.0,0.0
42326,1,1.0,0.0,0.0,0.0,0.0,0.0,0.0
4354,1,1.0,0.0,0.0,0.0,0.0,0.0,0.0
42433,1,1.0,0.0,0.0,0.0,0.0,0.0,0.0
43551,1,1.0,0.0,0.0,0.0,0.0,0.0,0.0
7080,1,1.0,0.0,0.0,0.0,0.0,0.0,0.0
43559,1,1.0,0.0,0.0,0.0,0.0,0.0,0.0
5096,1,1.0,0.0,0.0,0.0,0.0,0.0,0.0
5597,1,1.0,0.0,0.0,0.0,0.0,0.0,0.0
1116,1,1.0,0.0,0.0,0.0,0.0,0.0,0.0
43367,1,1.0,0.0,0.0,0.0,0.0,0.0,0.0
1890,1,1.0,0.0,0.0,0.0,0.0,0.0,0.0
4945,1,1.0,0.0,0.0,0.0,0.0,0.0,0.0
7552,1,1.0,0.0,0.0,0.0,0.0,0.0,0.0
7550,1,1.0,0.0,0.0,0.0,0.0,0.0,0.0
43970,1,1.0,0.0,0.0,0.0,0.0,0.0,0.0
7265,1,1.0,0.0,0.0,0.0,0.0,0.0,0.0
6476,1,1.0,0.0,0.0,0.0,0.0,0.0,0.0
8313,1,1.0,0.0,0.0,0.0,0.0,0.0,0.0
6568,1,1.0,0.0,0.0,0.0,0.0,0.0,0.0
9496,1,1.0,0.0,0.0,0.0,0.0,0.0,0.0
58,1,1.0,0.0,0.0,0.0,0.0,0.0,0.0
110,1,1.0,0.0,0.0,0.0,0.0,0.0,0.0
178,1,1.0,0.0,0.0,0.0,0.0,0.0,0.0
44066,1,1.0,0.0,0.0,0.0,0.0,0.0,0.0
44062,1,1.0,0.0,0.0,0.0,0.0,0.0,0.0
7566,1,1.0,0.0,0.0,0.0,0.0,0.0,0.0
41301,1,1.0,0.0,0.0,0.0,0.0,0.0,0.0
41223,1,1.0,0.0,0.0,0.0,0.0,0.0,0.0
43870,1,1.0,0.0,0.0,0.0,0.0,0.0,0.0
43051,1,1.0,0.0,0.0,0.0,0.0,0.0,0.0
10082,1,1.0,0.0,0.0,0.0,0.0,0.0,0.0
43065,1,1.0,0.0,0.0,0.0,0.0,0.0,0.0
43028,1,1.0,0.0,0.0,0.0,0.0,0.0,0.0
43089,1,1.0,0.0,0.0,0.0,0.0,0.0,0.0
44773,1,1.0,0.0,0.0,0.0,0.0,0.0,0.0
21901,1,1.0,0.0,0.0,0.0,0.0,0.0,0.0
633,1,1.0,0.0,0.0,0.0,0.0,0.0,0.0
634,1,1.0,0.0,0.0,0.0,0.0,0.0,0.0
11650,1,1.0,0.0,0.0,0.0,0.0,0.0,0.0
41590,1,1.0,0.0,0.0,0.0,0.0,0.0,0.0
27616,1,1.0,0.0,0.0,0.0,0.0,0.0,0.0
21943,1,1.0,0.0,0.0,0.0,0.0,0.0,0.0
21908,1,1.0,0.0,0.0,0.0,0.0,0.0,0.0
43096,1,1.0,0.0,0.0,0.0,0.0,0.0,0.0
4580,1,1.0,0.0,0.0,0.0,0.0,0.0,0.0
42370,1,1.0,0.0,0.0,0.0,0.0,0.0,0.0
6689,1,1.0,0.0,0.0,0.0,0.0,0.0,0.0
16580,1,1.0,0.0,0.0,0.0,0.0,0.0,0.0
11644,1,1.0,0.0,0.0,0.0,0.0,0.0,0.0
393,1,1.0,0.0,0.0,0.0,0.0,0.0,0.0
42066,1,1.0,0.0,0.0,0.0,0.0,0.0,0.0
43511,1,1.0,0.0,0.0,0.0,0.0,0.0,0.0
43425,1,1.0,0.0,0.0,0.0,0.0,0.0,0.0
42176,1,1.0,0.0,0.0,0.0,0.0,0.0,0.0
41271,1,1.0,0.0,0.0,0.0,0.0,0.0,0.0
44464,1,1.0,0.0,0.0,0.0,0.0,0.0,0.0
7249,1,1.0,0.0,0.0,0.0,0.0,0.0,0.0
8366,1,1.0,0.0,0.0,0.0,0.0,0.0,0.0
8432,1,1.0,0.0,0.0,0.0,0.0,0.0,0.0
8189,1,1.0,0.0,0.0,0.0,0.0,0.0,0.0
42352,1,1.0,0.0,0.0,0.0,0.0,0.0,0.0
44888,1,1.0,0.0,0.0,0.0,0.0,0.0,0.0
8166,1,1.0,0.0,0.0,0.0,0.0,0.0,0.0
42202,1,1.0,0.0,0.0,0.0,0.0,0.0,0.0
42318,1,1.0,0.0,0.0,0.0,0.0,0.0,0.0
5552,1,1.0,0.0,0.0,0.0,0.0,0.0,0.0
43982,1,1.0,0.0,0.0,0.0,0.0,0.0,0.0
44021,1,1.0,0.0,0.0,0.0,0.0,0.0,0.0
7230,1,1.0,0.0,0.0,0.0,0.0,0.0,0.0
8433,1,1.0,0.0,0.0,0.0,0.0,0.0,0.0
8368,1,1.0,0.0,0.0,0.0,0.0,0.0,0.0
8367,1,1.0,0.0,0.0,0.0,0.0,0.0,0.0
8436,1,1.0,0.0,0.0,0.0,0.0,0.0,0.0
8369,1,1.0,0.0,0.0,0.0,0.0,0.0,0.0
8437,1,1.0,0.0,0.0,0.0,0.0,0.0,0.0
8370,1,1.0,0.0,0.0,0.0,0.0,0.0,0.0
42322,1,1.0,0.0,0.0,0.0,0.0,0.0,0.0
42302,1,1.0,0.0,0.0,0.0,0.0,0.0,0.0
8464,1,1.0,0.0,0.0,0.0,0.0,0.0,0.0
42346,1,1.0,0.0,0.0,0.0,0.0,0.0,0.0
8966,1,1.0,0.0,0.0,0.0,0.0,0.0,0.0
8976,1,1.0,0.0,0.0,0.0,0.0,0.0,0.0
43042,1,1.0,0.0,0.0,0.0,0.0,0.0,0.0
41877,1,1.0,0.0,0.0,0.0,0.0,0.0,0.0
44009,1,1.0,0.0,0.0,0.0,0.0,0.0,0.0
44011,1,1.0,0.0,0.0,0.0,0.0,0.0,0.0
44887,1,1.0,0.0,0.0,0.0,0.0,0.0,0.0
42100,1,1.0,0.0,0.0,0.0,0.0,0.0,0.0
42182,1,1.0,0.0,0.0,0.0,0.0,0.0,0.0
330,1,1.0,0.0,0.0,0.0,0.0,0.0,0.0
7743,1,1.0,0.0,0.0,0.0,0.0,0.0,0.0
45124,1,1.0,0.0,0.0,0.0,0.0,0.0,0.0
45334,1,1.0,0.0,0.0,0.0,0.0,0.0,0.0
