5,9441,9444,0.0,0.0
6,9441,9444,0.0,0.0
5,9444,9441,0.0,0.0
6,9444,9441,0.0,0.0
5,370,9440,0.0,0.0
6,370,9440,0.0,0.0
5,6001,5541,0.0,0.0
6,6001,5541,0.0,0.0
5,5541,6001,0.0,0.0
6,5541,6001,0.0,0.0
5,9440,370,0.0,0.0
6,9440,370,0.0,0.0
5,4050,390,0.0,0.0
6,4050,390,0.0,0.0
5,360,390,0.0,0.0
6,360,390,0.0,0.0
5,390,360,0.0,0.0
6,390,360,0.0,0.0
5,390,4050,0.0,0.0
6,390,4050,0.0,0.0
5,6460,6430,0.0,0.0
6,6460,6430,0.0,0.0
5,6430,6460,0.0,0.0
6,6430,6460,0.0,0.0
5,3010,360,0.0,0.0
6,3010,360,0.0,0.0
5,360,3010,0.0,0.0
6,360,3010,0.0,0.0
5,1781,-1,0.0,0.0
5,1781,-1,0.0,0.0
5,4862,6800,0.0,0.0
6,4862,6800,0.0,0.0
5,6800,4862,0.0,0.0
6,6800,4862,0.0,0.0
5,4862,6800,0.0,0.0
6,4862,6800,0.0,0.0
5,6800,4862,0.0,0.0
6,6800,4862,0.0,0.0
5,6890,6880,0.0,0.0
6,6890,6880,0.0,0.0
5,6880,6890,0.0,0.0
6,6880,6890,0.0,0.0
5,6880,6840,0.0,0.0
6,6880,6840,0.0,0.0
5,6840,6880,0.0,0.0
6,6840,6880,0.0,0.0
5,6840,6820,0.0,0.0
6,6840,6820,0.0,0.0
5,6820,6840,0.0,0.0
6,6820,6840,0.0,0.0
5,6820,6800,0.0,0.0
6,6820,6800,0.0,0.0
5,6800,6820,0.0,0.0
6,6800,6820,0.0,0.0
5,210,360,0.0,0.0
6,210,360,0.0,0.0
5,360,210,0.0,0.0
6,360,210,0.0,0.0
5,320,360,0.0,0.0
6,320,360,0.0,0.0
5,360,320,0.0,0.0
6,360,320,0.0,0.0
5,5679,5176,0.0,0.0
6,5679,5176,0.0,0.0
5,5176,5679,0.0,0.0
6,5176,5679,0.0,0.0
5,3383,27,0.0,0.0
6,3383,27,0.0,0.0
5,3383,77,0.0,0.0
6,3383,77,0.0,0.0
5,27,3383,0.0,0.0
6,27,3383,0.0,0.0
5,77,3383,0.0,0.0
6,77,3383,0.0,0.0
5,6001,5541,0.0,0.0
6,6001,5541,0.0,0.0
5,325,370,0.0,0.0
6,325,370,0.0,0.0
5,325,4050,0.0,0.0
6,325,4050,0.0,0.0
5,325,360,0.0,0.0
6,325,360,0.0,0.0
5,325,4050,0.0,0.0
6,325,4050,0.0,0.0
5,325,-1,0.0,0.0
5,325,-1,0.0,0.0
5,896,999,0.0,0.0
6,896,999,0.0,0.0
5,896,897,0.0,0.0
6,896,897,0.0,0.0
5,896,61,0.0,0.0
6,896,61,0.0,0.0
5,896,61,0.0,0.0
6,896,61,0.0,0.0
5,895,933,0.0,0.0
6,895,933,0.0,0.0
5,895,959,0.0,0.0
6,895,959,0.0,0.0
5,897,896,0.0,0.0
6,897,896,0.0,0.0
5,856,933,0.0,0.0
6,856,933,0.0,0.0
5,856,1060,0.0,0.0
6,856,1060,0.0,0.0
5,1060,897,0.0,0.0
6,1060,897,0.0,0.0
5,61,896,0.0,0.0
6,61,896,0.0,0.0
5,556,1027,0.0,0.0
6,556,1027,0.0,0.0
5,897,1060,0.0,0.0
6,897,1060,0.0,0.0
5,999,1027,0.0,0.0
6,999,1027,0.0,0.0
5,895,6609,0.0,0.0
6,895,6609,0.0,0.0
5,9542,938,0.0,0.0
6,9542,938,0.0,0.0
5,938,9542,0.0,0.0
6,938,9542,0.0,0.0
5,584,527,0.0,0.0
6,584,527,0.0,0.0
5,584,585,0.0,0.0
6,584,585,0.0,0.0
5,584,561,0.0,0.0
6,584,561,0.0,0.0
5,584,574,0.0,0.0
6,584,574,0.0,0.0
5,561,584,0.0,0.0
6,561,584,0.0,0.0
5,561,414,0.0,0.0
6,561,414,0.0,0.0
5,561,552,0.0,0.0
6,561,552,0.0,0.0
5,561,7734,0.0,0.0
6,561,7734,0.0,0.0
5,538,536,0.0,0.0
6,538,536,0.0,0.0
5,538,478,0.0,0.0
6,538,478,0.0,0.0
5,538,478,0.0,0.0
6,538,478,0.0,0.0
5,538,542,0.0,0.0
6,538,542,0.0,0.0
5,536,563,0.0,0.0
6,536,563,0.0,0.0
5,423,545,0.0,0.0
6,423,545,0.0,0.0
5,423,545,0.0,0.0
6,423,545,0.0,0.0
5,423,-1,0.0,0.0
5,423,-1,0.0,0.0
5,423,-1,0.0,0.0
5,423,-1,0.0,0.0
5,423,-1,0.0,0.0
5,423,-1,0.0,0.0
5,561,478,0.0,0.0
6,561,478,0.0,0.0
5,561,540,0.0,0.0
6,561,540,0.0,0.0
5,561,540,0.0,0.0
6,561,540,0.0,0.0
5,561,527,0.0,0.0
6,561,527,0.0,0.0
5,478,538,0.0,0.0
6,478,538,0.0,0.0
5,478,538,0.0,0.0
6,478,538,0.0,0.0
5,478,561,0.0,0.0
6,478,561,0.0,0.0
5,478,561,0.0,0.0
6,478,561,0.0,0.0
5,478,-1,0.0,0.0
5,478,-1,0.0,0.0
5,668,547,0.0,0.0
6,668,547,0.0,0.0
5,668,530,0.0,0.0
6,668,530,0.0,0.0
5,668,-1,0.0,0.0
5,668,-1,0.0,0.0
5,7734,561,0.0,0.0
6,7734,561,0.0,0.0
5,7734,414,0.0,0.0
6,7734,414,0.0,0.0
5,7734,-1,0.0,0.0
5,7734,-1,0.0,0.0
5,536,538,0.0,0.0
6,536,538,0.0,0.0
5,536,559,0.0,0.0
6,536,559,0.0,0.0
5,561,559,0.0,0.0
6,561,559,0.0,0.0
5,561,478,0.0,0.0
6,561,478,0.0,0.0
5,3035,-1,0.0,0.0
5,3035,-1,0.0,0.0
5,3034,3021,0.0,0.0
6,3034,3021,0.0,0.0
5,538,542,0.0,0.0
6,538,542,0.0,0.0
5,538,540,0.0,0.0
5,10000,1027,0.0,0.0
6,10000,1027,0.0,0.0
5,10000,1027,0.0,0.0
6,10000,1027,0.0,0.0
5,10000,873,0.0,0.0
6,10000,873,0.0,0.0
5,10000,873,0.0,0.0
6,10000,873,0.0,0.0
5,10000,10003,0.0,0.0
5,10000,-1,0.0,0.0
5,10000,10003,0.0,0.0
5,10000,-1,0.0,0.0
5,1028,872,0.0,0.0
6,1028,872,0.0,0.0
5,1027,10000,0.0,0.0
6,1027,10000,0.0,0.0
5,978,872,0.0,0.0
5,873,10000,0.0,0.0
6,873,10000,0.0,0.0
5,873,873,0.0,0.0
5,873,873,0.0,0.0
5,873,-1,0.0,0.0
5,873,-1,0.0,0.0
5,61,873,0.0,0.0
6,61,873,0.0,0.0
5,61,873,0.0,0.0
6,61,873,0.0,0.0
5,10003,872,0.0,0.0
6,10003,872,0.0,0.0
5,10003,872,0.0,0.0
6,10003,872,0.0,0.0
5,10003,-1,0.0,0.0
5,10003,-1,0.0,0.0
5,538,572,0.0,0.0
6,538,572,0.0,0.0
5,538,572,0.0,0.0
6,538,572,0.0,0.0
5,453,593,0.0,0.0
6,453,593,0.0,0.0
5,453,574,0.0,0.0
6,453,574,0.0,0.0
5,7300,7593,0.0,0.0
5,7300,7200,0.0,0.0
6,7300,7200,0.0,0.0
5,7300,-1,0.0,0.0
5,7300,-1,0.0,0.0
5,6900,6930,0.0,0.0
6,6900,6930,0.0,0.0
5,6900,6890,0.0,0.0
6,6900,6890,0.0,0.0
5,6900,6930,0.0,0.0
6,6900,6930,0.0,0.0
5,6900,6890,0.0,0.0
6,6900,6890,0.0,0.0
5,6900,7054,0.0,0.0
6,6900,7054,0.0,0.0
5,6900,7054,0.0,0.0
6,6900,7054,0.0,0.0
5,6900,-1,0.0,0.0
5,6900,-1,0.0,0.0
5,5581,5541,0.0,0.0
5,5581,5645,0.0,0.0
5,5581,5591,0.0,0.0
5,5580,-1,0.0,0.0
5,5580,-1,0.0,0.0
5,5580,5510,0.0,0.0
6,5580,5510,0.0,0.0
5,5580,5500,0.0,0.0
6,5580,5500,0.0,0.0
5,5580,5590,0.0,0.0
6,5580,5590,0.0,0.0
5,5580,5500,0.0,0.0
6,5580,5500,0.0,0.0
5,4700,4711,0.0,0.0
5,4700,4711,0.0,0.0
5,4862,-1,0.0,0.0
5,4862,-1,0.0,0.0
5,5591,6401,0.0,0.0
5,5591,5581,0.0,0.0
5,5591,6401,0.0,0.0
5,5591,7300,0.0,0.0
5,5590,-1,0.0,0.0
5,5590,-1,0.0,0.0
5,5590,5580,0.0,0.0
6,5590,5580,0.0,0.0
5,6900,6880,0.0,0.0
5,6900,6900,0.0,0.0
5,6900,6900,0.0,0.0
5,6890,-1,0.0,0.0
5,6890,-1,0.0,0.0
5,6890,6900,0.0,0.0
6,6890,6900,0.0,0.0
5,6890,6880,0.0,0.0
6,6890,6880,0.0,0.0
5,6416,6401,0.0,0.0
5,6416,6401,0.0,0.0
5,6430,-1,0.0,0.0
5,6430,-1,0.0,0.0
5,6430,6460,0.0,0.0
6,6430,6460,0.0,0.0
5,6430,-1,0.0,0.0
5,6430,-1,0.0,0.0
5,7300,6440,0.0,0.0
6,7300,6440,0.0,0.0
5,7300,5590,0.0,0.0
6,7300,5590,0.0,0.0
5,7300,7200,0.0,0.0
6,7300,7200,0.0,0.0
5,7300,5436,0.0,0.0
6,7300,5436,0.0,0.0
5,5590,7300,0.0,0.0
6,5590,7300,0.0,0.0
5,235,7100,0.0,0.0
6,235,7100,0.0,0.0
5,235,233,0.0,0.0
6,235,233,0.0,0.0
5,235,299,0.0,0.0
6,235,299,0.0,0.0
5,233,235,0.0,0.0
6,233,235,0.0,0.0
5,7200,7300,0.0,0.0
6,7200,7300,0.0,0.0
5,7200,7100,0.0,0.0
6,7200,7100,0.0,0.0
5,7100,7200,0.0,0.0
6,7100,7200,0.0,0.0
5,7100,235,0.0,0.0
6,7100,235,0.0,0.0
5,7204,7200,0.0,0.0
6,7204,7200,0.0,0.0
5,7204,7200,0.0,0.0
6,7204,7200,0.0,0.0
5,7200,7204,0.0,0.0
6,7200,7204,0.0,0.0
5,7200,7204,0.0,0.0
6,7200,7204,0.0,0.0
5,4700,4869,0.0,0.0
5,4700,4869,0.0,0.0
5,299,235,0.0,0.0
6,299,235,0.0,0.0
5,299,6444,0.0,0.0
6,299,6444,0.0,0.0
5,956,1030,0.0,0.0
5,5591,6700,0.0,0.0
5,6430,6400,0.0,0.0
6,6430,6400,0.0,0.0
5,6430,6400,0.0,0.0
6,6430,6400,0.0,0.0
5,5580,6702,0.0,0.0
5,6430,6460,0.0,0.0
6,6430,6460,0.0,0.0
5,955,938,0.0,0.0
6,955,938,0.0,0.0
5,5860,6359,0.0,0.0
6,5860,6359,0.0,0.0
5,6359,5860,0.0,0.0
6,6359,5860,0.0,0.0
5,5860,-1,0.0,0.0
5,5860,-1,0.0,0.0
5,3034,-1,0.0,0.0
5,3034,-1,0.0,0.0
5,3034,344,0.0,0.0
6,3034,344,0.0,0.0
5,344,3034,0.0,0.0
6,344,3034,0.0,0.0
5,6430,8100,0.0,0.0
6,6430,8100,0.0,0.0
5,6430,8100,0.0,0.0
6,6430,8100,0.0,0.0
5,4700,4514,0.0,0.0
6,4700,4514,0.0,0.0
5,5590,5594,0.0,0.0
6,5590,5594,0.0,0.0
5,10008,-1,0.0,0.0
5,10008,-1,0.0,0.0
5,10008,895,0.0,0.0
6,10008,895,0.0,0.0
5,10008,895,0.0,0.0
6,10008,895,0.0,0.0
5,10008,999,0.0,0.0
6,10008,999,0.0,0.0
5,10008,999,0.0,0.0
6,10008,999,0.0,0.0
5,895,10008,0.0,0.0
6,895,10008,0.0,0.0
5,895,10008,0.0,0.0
6,895,10008,0.0,0.0
5,999,10008,0.0,0.0
6,999,10008,0.0,0.0
5,999,10008,0.0,0.0
6,999,10008,0.0,0.0
5,6754,-1,0.0,0.0
5,6754,-1,0.0,0.0
5,6754,6440,0.0,0.0
6,6754,6440,0.0,0.0
5,6754,8100,0.0,0.0
6,6754,8100,0.0,0.0
5,6754,8100,0.0,0.0
6,6754,8100,0.0,0.0
5,6754,7200,0.0,0.0
6,6754,7200,0.0,0.0
5,6754,7200,0.0,0.0
6,6754,7200,0.0,0.0
5,6440,6754,0.0,0.0
6,6440,6754,0.0,0.0
5,8100,6754,0.0,0.0
6,8100,6754,0.0,0.0
5,8100,6754,0.0,0.0
6,8100,6754,0.0,0.0
5,7200,6754,0.0,0.0
6,7200,6754,0.0,0.0
5,7200,6754,0.0,0.0
6,7200,6754,0.0,0.0
5,5451,5370,0.0,0.0
6,5451,5370,0.0,0.0
5,5451,5428,0.0,0.0
6,5451,5428,0.0,0.0
5,5451,-1,0.0,0.0
5,5451,-1,0.0,0.0
5,5001,5100,0.0,0.0
6,5001,5100,0.0,0.0
5,5001,5740,0.0,0.0
5,5001,5060,0.0,0.0
6,5001,5060,0.0,0.0
5,5001,5050,0.0,0.0
6,5001,5050,0.0,0.0
5,5001,-1,0.0,0.0
5,5001,-1,0.0,0.0
5,5176,5480,0.0,0.0
6,5176,5480,0.0,0.0
5,5176,5500,0.0,0.0
6,5176,5500,0.0,0.0
5,5451,5370,0.0,0.0
6,5451,5370,0.0,0.0
5,5176,5480,0.0,0.0
6,5176,5480,0.0,0.0
5,5176,5500,0.0,0.0
6,5176,5500,0.0,0.0
5,8980,-1,0.0,0.0
5,8980,-1,0.0,0.0
5,8980,6500,0.0,0.0
6,8980,6500,0.0,0.0
5,8980,6300,0.0,0.0
6,8980,6300,0.0,0.0
5,5500,5176,0.0,0.0
6,5500,5176,0.0,0.0
5,61,65,0.0,0.0
5,60,-1,0.0,0.0
5,61,65,0.0,0.0
5,60,-1,0.0,0.0
5,61,65,0.0,0.0
5,65,61,0.0,0.0
5,999,-1,0.0,0.0
5,65,61,0.0,0.0
5,65,-1,0.0,0.0
5,65,61,0.0,0.0
5,65,72,0.0,0.0
6,65,72,0.0,0.0
5,65,72,0.0,0.0
6,65,72,0.0,0.0
5,65,72,0.0,0.0
6,65,72,0.0,0.0
5,72,65,0.0,0.0
6,72,65,0.0,0.0
5,72,-1,0.0,0.0
5,72,65,0.0,0.0
6,72,65,0.0,0.0
5,72,-1,0.0,0.0
5,72,65,0.0,0.0
6,72,65,0.0,0.0
5,72,76,0.0,0.0
6,72,76,0.0,0.0
5,72,76,0.0,0.0
6,72,76,0.0,0.0
5,72,76,0.0,0.0
6,72,76,0.0,0.0
5,76,72,0.0,0.0
6,76,72,0.0,0.0
5,76,-1,0.0,0.0
5,76,72,0.0,0.0
6,76,72,0.0,0.0
5,76,-1,0.0,0.0
5,76,72,0.0,0.0
6,76,72,0.0,0.0
5,895,125,0.0,0.0
5,895,-1,0.0,0.0
5,895,130,0.0,0.0
5,895,-1,0.0,0.0
5,122,895,0.0,0.0
6,122,895,0.0,0.0
5,122,-1,0.0,0.0
5,122,895,0.0,0.0
6,122,895,0.0,0.0
5,122,-1,0.0,0.0
5,122,6609,0.0,0.0
6,122,6609,0.0,0.0
5,235,233,0.0,0.0
6,235,233,0.0,0.0
5,235,-1,0.0,0.0
5,235,233,0.0,0.0
6,235,233,0.0,0.0
5,235,-1,0.0,0.0
5,235,7100,0.0,0.0
6,235,7100,0.0,0.0
5,210,370,0.0,0.0
6,210,370,0.0,0.0
5,210,320,0.0,0.0
6,210,320,0.0,0.0
5,105,27,0.0,0.0
6,105,27,0.0,0.0
5,105,9608,0.0,0.0
6,105,9608,0.0,0.0
5,105,9601,0.0,0.0
6,105,9601,0.0,0.0
5,27,105,0.0,0.0
6,27,105,0.0,0.0
5,27,103,0.0,0.0
5,27,1503,0.0,0.0
6,27,1503,0.0,0.0
5,27,106,0.0,0.0
5,27,9626,0.0,0.0
6,27,9626,0.0,0.0
5,27,87,0.0,0.0
6,27,87,0.0,0.0
5,27,598,0.0,0.0
6,27,598,0.0,0.0
5,27,77,0.0,0.0
6,27,77,0.0,0.0
5,384,4040,0.0,0.0
5,384,-1,0.0,0.0
5,3061,149,0.0,0.0
5,3061,3061,0.0,0.0
5,3032,147,0.0,0.0
6,3032,147,0.0,0.0
5,3032,147,0.0,0.0
6,3032,147,0.0,0.0
5,9506,3966,0.0,0.0
6,9506,3966,0.0,0.0
5,9506,9607,0.0,0.0
6,9506,9607,0.0,0.0
5,933,895,0.0,0.0
6,933,895,0.0,0.0
5,933,999,0.0,0.0
6,933,999,0.0,0.0
5,933,-1,0.0,0.0
5,933,955,0.0,0.0
6,933,955,0.0,0.0
5,933,856,0.0,0.0
6,933,856,0.0,0.0
5,933,-1,0.0,0.0
5,933,824,0.0,0.0
6,933,824,0.0,0.0
5,933,824,0.0,0.0
6,933,824,0.0,0.0
5,933,959,0.0,0.0
6,933,959,0.0,0.0
5,999,90342,0.0,0.0
5,999,-1,0.0,0.0
5,999,90342,0.0,0.0
5,999,1027,0.0,0.0
6,999,1027,0.0,0.0
5,999,-1,0.0,0.0
5,999,1060,0.0,0.0
6,999,1060,0.0,0.0
5,999,1060,0.0,0.0
6,999,1060,0.0,0.0
5,999,90342,0.0,0.0
5,999,933,0.0,0.0
6,999,933,0.0,0.0
5,999,896,0.0,0.0
6,999,896,0.0,0.0
5,979,995,0.0,0.0
6,979,995,0.0,0.0
5,979,976,0.0,0.0
6,979,976,0.0,0.0
5,979,-1,0.0,0.0
5,979,955,0.0,0.0
6,979,955,0.0,0.0
5,979,-1,0.0,0.0
5,955,933,0.0,0.0
6,955,933,0.0,0.0
5,955,9738,0.0,0.0
6,955,9738,0.0,0.0
5,956,-1,0.0,0.0
5,955,979,0.0,0.0
6,955,979,0.0,0.0
5,955,1030,0.0,0.0
6,955,1030,0.0,0.0
5,956,-1,0.0,0.0
5,955,964,0.0,0.0
6,955,964,0.0,0.0
5,995,964,0.0,0.0
6,995,964,0.0,0.0
5,995,1060,0.0,0.0
6,995,1060,0.0,0.0
5,995,-1,0.0,0.0
5,995,1030,0.0,0.0
6,995,1030,0.0,0.0
5,995,979,0.0,0.0
6,995,979,0.0,0.0
5,995,-1,0.0,0.0
5,979,995,0.0,0.0
6,979,995,0.0,0.0
5,979,-1,0.0,0.0
5,979,-1,0.0,0.0
5,995,1060,0.0,0.0
6,995,1060,0.0,0.0
5,995,979,0.0,0.0
6,995,979,0.0,0.0
5,995,-1,0.0,0.0
5,995,-1,0.0,0.0
5,999,-1,0.0,0.0
5,999,-1,0.0,0.0
5,453,-1,0.0,0.0
5,453,-1,0.0,0.0
5,453,-1,0.0,0.0
5,453,-1,0.0,0.0
5,453,-1,0.0,0.0
5,453,-1,0.0,0.0
5,9506,-1,0.0,0.0
5,9506,-1,0.0,0.0
5,9506,3966,0.0,0.0
6,9506,3966,0.0,0.0
5,3966,9506,0.0,0.0
6,3966,9506,0.0,0.0
5,4700,4514,0.0,0.0
6,4700,4514,0.0,0.0
5,4514,4700,0.0,0.0
6,4514,4700,0.0,0.0
5,5176,5318,0.0,0.0
6,5176,5318,0.0,0.0
5,5176,-1,0.0,0.0
5,5176,-1,0.0,0.0
5,5318,5370,0.0,0.0
6,5318,5370,0.0,0.0
5,5318,5176,0.0,0.0
6,5318,5176,0.0,0.0
5,5318,5679,0.0,0.0
6,5318,5679,0.0,0.0
5,5318,-1,0.0,0.0
5,5318,-1,0.0,0.0
5,5679,5318,0.0,0.0
6,5679,5318,0.0,0.0
5,5679,5684,0.0,0.0
6,5679,5684,0.0,0.0
5,5679,5684,0.0,0.0
6,5679,5684,0.0,0.0
5,5679,-1,0.0,0.0
5,5679,-1,0.0,0.0
5,5370,5318,0.0,0.0
6,5370,5318,0.0,0.0
5,5684,-1,0.0,0.0
5,5684,-1,0.0,0.0
5,5684,5679,0.0,0.0
6,5684,5679,0.0,0.0
5,5684,5679,0.0,0.0
6,5684,5679,0.0,0.0
5,325,3010,0.0,0.0
6,325,3010,0.0,0.0
5,538,1076,0.0,0.0
6,538,1076,0.0,0.0
5,538,1076,0.0,0.0
6,538,1076,0.0,0.0
5,210,100,0.0,0.0
6,210,100,0.0,0.0
5,210,4531,0.0,0.0
6,210,4531,0.0,0.0
5,235,233,0.0,0.0
6,235,233,0.0,0.0
5,325,-1,0.0,0.0
5,538,-1,0.0,0.0
5,538,-1,0.0,0.0
5,210,-1,0.0,0.0
5,210,-1,0.0,0.0
5,210,-1,0.0,0.0
5,4494,4495,0.0,0.0
6,4494,4495,0.0,0.0
5,4495,4494,0.0,0.0
6,4495,4494,0.0,0.0
5,4495,4565,0.0,0.0
6,4495,4565,0.0,0.0
5,4565,4495,0.0,0.0
6,4565,4495,0.0,0.0
5,4565,4517,0.0,0.0
6,4565,4517,0.0,0.0
5,4517,4565,0.0,0.0
6,4517,4565,0.0,0.0
5,4494,-1,0.0,0.0
5,4495,-1,0.0,0.0
5,4565,-1,0.0,0.0
5,4517,-1,0.0,0.0
5,5380,6640,0.0,0.0
6,5380,6640,0.0,0.0
5,5380,5408,0.0,0.0
6,5380,5408,0.0,0.0
5,5200,5180,0.0,0.0
6,5200,5180,0.0,0.0
5,5180,5200,0.0,0.0
6,5180,5200,0.0,0.0
5,487,492,0.0,0.0
6,487,492,0.0,0.0
5,487,-1,0.0,0.0
5,487,492,0.0,0.0
6,487,492,0.0,0.0
5,487,-1,0.0,0.0
5,492,487,0.0,0.0
6,492,487,0.0,0.0
5,492,-1,0.0,0.0
5,492,487,0.0,0.0
6,492,487,0.0,0.0
5,492,-1,0.0,0.0
5,3032,-1,0.0,0.0
5,3032,-1,0.0,0.0
5,3032,-1,0.0,0.0
5,8405,8403,0.0,0.0
6,8405,8403,0.0,0.0
5,8406,8404,0.0,0.0
6,8406,8404,0.0,0.0
5,8405,-1,0.0,0.0
5,8406,-1,0.0,0.0
5,895,959,0.0,0.0
6,895,959,0.0,0.0
5,6754,6560,0.0,0.0
6,6754,6560,0.0,0.0
5,6754,6560,0.0,0.0
6,6754,6560,0.0,0.0
5,6560,6754,0.0,0.0
6,6560,6754,0.0,0.0
5,6560,6754,0.0,0.0
6,6560,6754,0.0,0.0
5,6560,-1,0.0,0.0
5,6560,-1,0.0,0.0
5,5001,5050,0.0,0.0
6,5001,5050,0.0,0.0
5,5050,5001,0.0,0.0
6,5050,5001,0.0,0.0
5,5060,5720,0.0,0.0
6,5060,5720,0.0,0.0
5,5720,5060,0.0,0.0
6,5720,5060,0.0,0.0
5,6075,6360,0.0,0.0
6,6075,6360,0.0,0.0
5,6075,-1,0.0,0.0
5,6075,-1,0.0,0.0
5,6360,6075,0.0,0.0
6,6360,6075,0.0,0.0
5,6360,6444,0.0,0.0
6,6360,6444,0.0,0.0
5,6660,6460,0.0,0.0
6,6660,6460,0.0,0.0
5,6660,-1,0.0,0.0
5,6660,-1,0.0,0.0
5,6460,6660,0.0,0.0
6,6460,6660,0.0,0.0
5,4350,-1,0.0,0.0
5,4350,-1,0.0,0.0
5,4350,6220,0.0,0.0
6,4350,6220,0.0,0.0
5,4350,4332,0.0,0.0
6,4350,4332,0.0,0.0
5,4350,4332,0.0,0.0
6,4350,4332,0.0,0.0
5,4332,4350,0.0,0.0
6,4332,4350,0.0,0.0
5,4332,4350,0.0,0.0
6,4332,4350,0.0,0.0
5,6220,4350,0.0,0.0
6,6220,4350,0.0,0.0
5,6220,4350,0.0,0.0
6,6220,4350,0.0,0.0
5,6075,5325,0.0,0.0
6,6075,5325,0.0,0.0
5,5325,6075,0.0,0.0
6,5325,6075,0.0,0.0
5,7300,7200,0.0,0.0
6,7300,7200,0.0,0.0
5,5350,6140,0.0,0.0
6,5350,6140,0.0,0.0
5,5350,5380,0.0,0.0
6,5350,5380,0.0,0.0
5,6140,5350,0.0,0.0
6,6140,5350,0.0,0.0
5,5380,5350,0.0,0.0
6,5380,5350,0.0,0.0
5,5380,-1,0.0,0.0
5,5380,-1,0.0,0.0
5,6075,6060,0.0,0.0
6,6075,6060,0.0,0.0
5,6075,7190,0.0,0.0
6,6075,7190,0.0,0.0
5,6369,5860,0.0,0.0
6,6369,5860,0.0,0.0
5,5860,6369,0.0,0.0
6,5860,6369,0.0,0.0
5,6369,-1,0.0,0.0
5,6369,-1,0.0,0.0
5,5860,-1,0.0,0.0
5,4049,4349,0.0,0.0
6,4049,4349,0.0,0.0
5,4349,4049,0.0,0.0
6,4349,4049,0.0,0.0
5,4349,6444,0.0,0.0
6,4349,6444,0.0,0.0
5,4349,-1,0.0,0.0
5,4349,-1,0.0,0.0
5,6444,4349,0.0,0.0
6,6444,4349,0.0,0.0
5,5860,4351,0.0,0.0
6,5860,4351,0.0,0.0
5,4351,-1,0.0,0.0
5,4351,-1,0.0,0.0
5,4351,5860,0.0,0.0
6,4351,5860,0.0,0.0
5,4351,4352,0.0,0.0
6,4351,4352,0.0,0.0
5,4352,-1,0.0,0.0
5,4352,-1,0.0,0.0
5,4352,4351,0.0,0.0
6,4352,4351,0.0,0.0
5,6500,6070,0.0,0.0
6,6500,6070,0.0,0.0
5,6070,6500,0.0,0.0
6,6070,6500,0.0,0.0
5,6060,8714,0.0,0.0
6,6060,8714,0.0,0.0
5,6349,8714,0.0,0.0
6,6349,8714,0.0,0.0
5,6349,8714,0.0,0.0
6,6349,8714,0.0,0.0
5,8714,6060,0.0,0.0
6,8714,6060,0.0,0.0
5,8714,6349,0.0,0.0
6,8714,6349,0.0,0.0
5,3061,-1,0.0,0.0
5,3061,-1,0.0,0.0
5,3061,4353,0.0,0.0
6,3061,4353,0.0,0.0
5,4353,-1,0.0,0.0
5,4353,-1,0.0,0.0
5,4353,3061,0.0,0.0
6,4353,3061,0.0,0.0
5,4353,4352,0.0,0.0
6,4353,4352,0.0,0.0
5,4352,4353,0.0,0.0
6,4352,4353,0.0,0.0
5,4353,3021,0.0,0.0
6,4353,3021,0.0,0.0
5,4353,344,0.0,0.0
6,4353,344,0.0,0.0
5,103,6609,0.0,0.0
6,103,6609,0.0,0.0
5,6609,103,0.0,0.0
6,6609,103,0.0,0.0
5,5540,5550,0.0,0.0
6,5540,5550,0.0,0.0
5,5550,5540,0.0,0.0
6,5550,5540,0.0,0.0
5,5550,5688,0.0,0.0
6,5550,5688,0.0,0.0
5,5550,5688,0.0,0.0
6,5550,5688,0.0,0.0
5,5688,-1,0.0,0.0
5,5688,-1,0.0,0.0
5,5688,5550,0.0,0.0
6,5688,5550,0.0,0.0
5,5688,5550,0.0,0.0
6,5688,5550,0.0,0.0
5,9739,955,0.0,0.0
5,955,9738,0.0,0.0
6,955,9738,0.0,0.0
5,955,9738,0.0,0.0
6,955,9738,0.0,0.0
5,1055,946,0.0,0.0
6,1055,946,0.0,0.0
5,1055,946,0.0,0.0
6,1055,946,0.0,0.0
5,1055,9738,0.0,0.0
6,1055,9738,0.0,0.0
5,1055,9738,0.0,0.0
6,1055,9738,0.0,0.0
5,3010,27,0.0,0.0
6,3010,27,0.0,0.0
5,3010,27,0.0,0.0
6,3010,27,0.0,0.0
5,27,3010,0.0,0.0
6,27,3010,0.0,0.0
5,27,3010,0.0,0.0
6,27,3010,0.0,0.0
5,9738,1055,0.0,0.0
6,9738,1055,0.0,0.0
5,9738,1055,0.0,0.0
6,9738,1055,0.0,0.0
5,9738,955,0.0,0.0
6,9738,955,0.0,0.0
5,946,1055,0.0,0.0
6,946,1055,0.0,0.0
5,955,9738,0.0,0.0
6,955,9738,0.0,0.0
5,1055,9738,0.0,0.0
6,1055,9738,0.0,0.0
5,1055,946,0.0,0.0
6,1055,946,0.0,0.0
5,1055,-1,0.0,0.0
5,1055,9738,0.0,0.0
6,1055,9738,0.0,0.0
5,1055,-1,0.0,0.0
5,4332,-1,0.0,0.0
5,4332,-1,0.0,0.0
5,4332,4075,0.0,0.0
6,4332,4075,0.0,0.0
5,4332,4049,0.0,0.0
6,4332,4049,0.0,0.0
5,4332,4049,0.0,0.0
6,4332,4049,0.0,0.0
5,4332,1475,0.0,0.0
5,4332,1475,0.0,0.0
5,4075,4332,0.0,0.0
6,4075,4332,0.0,0.0
5,4051,4333,0.0,0.0
5,4051,4333,0.0,0.0
5,5325,6640,0.0,0.0
6,5325,6640,0.0,0.0
5,5325,6075,0.0,0.0
6,5325,6075,0.0,0.0
5,5325,-1,0.0,0.0
5,5325,-1,0.0,0.0
5,6075,5325,0.0,0.0
6,6075,5325,0.0,0.0
5,6640,5325,0.0,0.0
6,6640,5325,0.0,0.0
5,7200,7190,0.0,0.0
6,7200,7190,0.0,0.0
5,7190,7200,0.0,0.0
6,7190,7200,0.0,0.0
5,7190,6360,0.0,0.0
6,7190,6360,0.0,0.0
5,6360,7190,0.0,0.0
6,6360,7190,0.0,0.0
5,5200,5926,0.0,0.0
6,5200,5926,0.0,0.0
5,5926,5200,0.0,0.0
6,5926,5200,0.0,0.0
5,5926,-1,0.0,0.0
5,5926,5380,0.0,0.0
6,5926,5380,0.0,0.0
5,5926,-1,0.0,0.0
5,5380,5926,0.0,0.0
6,5380,5926,0.0,0.0
5,974,9818,0.0,0.0
6,974,9818,0.0,0.0
5,9818,974,0.0,0.0
6,9818,974,0.0,0.0
5,4351,4352,0.0,0.0
6,4351,4352,0.0,0.0
5,4352,4351,0.0,0.0
6,4352,4351,0.0,0.0
5,4351,5860,0.0,0.0
6,4351,5860,0.0,0.0
5,5860,4351,0.0,0.0
6,5860,4351,0.0,0.0
5,609,9605,0.0,0.0
6,609,9605,0.0,0.0
5,9605,609,0.0,0.0
6,9605,609,0.0,0.0
5,5380,5380,0.0,0.0
5,5325,5325,0.0,0.0
5,4350,4049,0.0,0.0
6,4350,4049,0.0,0.0
5,4350,6349,0.0,0.0
6,4350,6349,0.0,0.0
5,6349,4350,0.0,0.0
6,6349,4350,0.0,0.0
5,4049,4350,0.0,0.0
6,4049,4350,0.0,0.0
5,974,-1,0.0,0.0
5,974,-1,0.0,0.0
5,974,979,0.0,0.0
6,974,979,0.0,0.0
5,974,976,0.0,0.0
6,974,976,0.0,0.0
5,974,9818,0.0,0.0
6,974,9818,0.0,0.0
5,974,9951,0.0,0.0
6,974,9951,0.0,0.0
5,974,9951,0.0,0.0
6,974,9951,0.0,0.0
5,979,974,0.0,0.0
6,979,974,0.0,0.0
5,976,974,0.0,0.0
6,976,974,0.0,0.0
5,9818,974,0.0,0.0
6,9818,974,0.0,0.0
5,9818,9820,0.0,0.0
6,9818,9820,0.0,0.0
5,9951,-1,0.0,0.0
5,9951,-1,0.0,0.0
5,9951,974,0.0,0.0
6,9951,974,0.0,0.0
5,9951,974,0.0,0.0
6,9951,974,0.0,0.0
5,9820,9818,0.0,0.0
6,9820,9818,0.0,0.0
5,9820,9822,0.0,0.0
6,9820,9822,0.0,0.0
5,9822,9820,0.0,0.0
6,9822,9820,0.0,0.0
5,4075,4332,0.0,0.0
6,4075,4332,0.0,0.0
5,4332,4075,0.0,0.0
6,4332,4075,0.0,0.0
5,5836,5200,0.0,0.0
6,5836,5200,0.0,0.0
5,4049,380,0.0,0.0
5,3518,-1,0.0,0.0
5,3518,-1,0.0,0.0
5,380,4051,0.0,0.0
6,380,4051,0.0,0.0
5,6890,-1,0.0,0.0
5,7100,235,0.0,0.0
6,7100,235,0.0,0.0
5,1027,556,0.0,0.0
6,1027,556,0.0,0.0
0,27,-1,0.0,0.0
0,58,-1,0.0,0.0
0,60,-1,0.0,0.0
0,61,-1,0.0,0.0
0,62,-1,0.0,0.0
0,63,-1,0.0,0.0
0,64,-1,0.0,0.0
0,65,-1,0.0,0.0
0,66,-1,0.0,0.0
0,69,-1,0.0,0.0
0,70,-1,0.0,0.0
0,71,-1,0.0,0.0
0,72,-1,0.0,0.0
0,73,-1,0.0,0.0
0,74,-1,0.0,0.0
0,75,-1,0.0,0.0
0,76,-1,0.0,0.0
0,77,-1,0.0,0.0
0,78,-1,0.0,0.0
0,82,-1,0.0,0.0
0,87,-1,0.0,0.0
0,90,-1,0.0,0.0
0,92,-1,0.0,0.0
0,93,-1,0.0,0.0
0,94,-1,0.0,0.0
0,99,-1,0.0,0.0
0,101,-1,0.0,0.0
0,102,-1,0.0,0.0
0,103,-1,0.0,0.0
0,104,-1,0.0,0.0
0,106,-1,0.0,0.0
0,107,-1,0.0,0.0
0,108,-1,0.0,0.0
0,109,-1,0.0,0.0
0,112,-1,0.0,0.0
0,113,-1,0.0,0.0
0,114,-1,0.0,0.0
0,115,-1,0.0,0.0
0,117,-1,0.0,0.0
0,120,-1,0.0,0.0
0,122,-1,0.0,0.0
0,123,-1,0.0,0.0
0,125,-1,0.0,0.0
0,126,-1,0.0,0.0
0,127,-1,0.0,0.0
0,128,-1,0.0,0.0
0,129,-1,0.0,0.0
0,130,-1,0.0,0.0
0,138,-1,0.0,0.0
0,144,-1,0.0,0.0
0,147,-1,0.0,0.0
0,161,-1,0.0,0.0
0,169,-1,0.0,0.0
0,174,-1,0.0,0.0
0,213,-1,0.0,0.0
0,216,-1,0.0,0.0
0,217,-1,0.0,0.0
0,218,-1,0.0,0.0
0,219,-1,0.0,0.0
0,225,-1,0.0,0.0
0,226,-1,0.0,0.0
0,227,-1,0.0,0.0
0,228,-1,0.0,0.0
0,230,-1,0.0,0.0
0,231,-1,0.0,0.0
0,233,-1,0.0,0.0
0,234,-1,0.0,0.0
0,252,-1,0.0,0.0
0,299,-1,0.0,0.0
0,308,-1,0.0,0.0
0,313,-1,0.0,0.0
0,319,-1,0.0,0.0
0,325,-1,0.0,0.0
0,331,-1,0.0,0.0
0,336,-1,0.0,0.0
0,341,-1,0.0,0.0
0,344,-1,0.0,0.0
0,349,-1,0.0,0.0
0,350,-1,0.0,0.0
0,367,-1,0.0,0.0
0,372,-1,0.0,0.0
0,373,-1,0.0,0.0
0,378,-1,0.0,0.0
0,380,-1,0.0,0.0
0,384,-1,0.0,0.0
0,385,-1,0.0,0.0
0,390,-1,0.0,0.0
0,391,-1,0.0,0.0
0,393,-1,0.0,0.0
0,394,-1,0.0,0.0
0,398,-1,0.0,0.0
0,410,-1,0.0,0.0
0,412,-1,0.0,0.0
0,413,-1,0.0,0.0
0,414,-1,0.0,0.0
0,416,-1,0.0,0.0
0,420,-1,0.0,0.0
0,421,-1,0.0,0.0
0,423,-1,0.0,0.0
0,425,-1,0.0,0.0
0,426,-1,0.0,0.0
0,427,-1,0.0,0.0
0,431,-1,0.0,0.0
0,435,-1,0.0,0.0
0,438,-1,0.0,0.0
0,439,-1,0.0,0.0
0,442,-1,0.0,0.0
0,446,-1,0.0,0.0
0,448,-1,0.0,0.0
0,449,-1,0.0,0.0
0,453,-1,0.0,0.0
0,454,-1,0.0,0.0
0,458,-1,0.0,0.0
0,461,-1,0.0,0.0
0,464,-1,0.0,0.0
0,466,-1,0.0,0.0
0,471,-1,0.0,0.0
0,472,-1,0.0,0.0
0,474,-1,0.0,0.0
0,477,-1,0.0,0.0
0,478,-1,0.0,0.0
0,479,-1,0.0,0.0
0,487,-1,0.0,0.0
0,488,-1,0.0,0.0
0,489,-1,0.0,0.0
0,490,-1,0.0,0.0
0,491,-1,0.0,0.0
0,492,-1,0.0,0.0
0,495,-1,0.0,0.0
0,498,-1,0.0,0.0
0,527,-1,0.0,0.0
0,530,-1,0.0,0.0
0,535,-1,0.0,0.0
0,540,-1,0.0,0.0
0,545,-1,0.0,0.0
0,551,-1,0.0,0.0
0,552,-1,0.0,0.0
0,556,-1,0.0,0.0
0,559,-1,0.0,0.0
0,561,-1,0.0,0.0
0,563,-1,0.0,0.0
0,565,-1,0.0,0.0
0,567,-1,0.0,0.0
0,570,-1,0.0,0.0
0,572,-1,0.0,0.0
0,573,-1,0.0,0.0
0,580,-1,0.0,0.0
0,582,-1,0.0,0.0
0,584,-1,0.0,0.0
0,585,-1,0.0,0.0
0,586,-1,0.0,0.0
0,589,-1,0.0,0.0
0,590,-1,0.0,0.0
0,594,-1,0.0,0.0
0,598,-1,0.0,0.0
0,599,-1,0.0,0.0
0,600,-1,0.0,0.0
0,608,-1,0.0,0.0
0,609,-1,0.0,0.0
0,610,-1,0.0,0.0
0,612,-1,0.0,0.0
0,623,-1,0.0,0.0
0,625,-1,0.0,0.0
0,627,-1,0.0,0.0
0,629,-1,0.0,0.0
0,667,-1,0.0,0.0
0,668,-1,0.0,0.0
0,697,-1,0.0,0.0
0,760,-1,0.0,0.0
0,766,-1,0.0,0.0
0,787,-1,0.0,0.0
0,789,-1,0.0,0.0
0,790,-1,0.0,0.0
0,814,-1,0.0,0.0
0,819,-1,0.0,0.0
0,821,-1,0.0,0.0
0,827,-1,0.0,0.0
0,829,-1,0.0,0.0
0,831,-1,0.0,0.0
0,834,-1,0.0,0.0
0,839,-1,0.0,0.0
0,843,-1,0.0,0.0
0,852,-1,0.0,0.0
0,868,-1,0.0,0.0
0,872,-1,0.0,0.0
0,873,-1,0.0,0.0
0,878,-1,0.0,0.0
0,884,-1,0.0,0.0
0,886,-1,0.0,0.0
0,889,-1,0.0,0.0
0,895,-1,0.0,0.0
0,896,-1,0.0,0.0
0,898,-1,0.0,0.0
0,933,-1,0.0,0.0
0,934,-1,0.0,0.0
0,938,-1,0.0,0.0
0,939,-1,0.0,0.0
0,943,-1,0.0,0.0
0,945,-1,0.0,0.0
0,946,-1,0.0,0.0
0,947,-1,0.0,0.0
0,949,-1,0.0,0.0
0,950,-1,0.0,0.0
0,951,-1,0.0,0.0
0,954,-1,0.0,0.0
0,955,-1,0.0,0.0
0,956,-1,0.0,0.0
0,959,-1,0.0,0.0
0,960,-1,0.0,0.0
0,961,-1,0.0,0.0
0,962,-1,0.0,0.0
0,963,-1,0.0,0.0
0,964,-1,0.0,0.0
0,965,-1,0.0,0.0
0,972,-1,0.0,0.0
0,973,-1,0.0,0.0
0,974,-1,0.0,0.0
0,975,-1,0.0,0.0
0,976,-1,0.0,0.0
0,978,-1,0.0,0.0
0,979,-1,0.0,0.0
0,980,-1,0.0,0.0
0,982,-1,0.0,0.0
0,991,-1,0.0,0.0
0,995,-1,0.0,0.0
0,999,-1,0.0,0.0
0,1018,-1,0.0,0.0
0,1020,-1,0.0,0.0
0,1025,-1,0.0,0.0
0,1027,-1,0.0,0.0
0,1028,-1,0.0,0.0
0,1032,-1,0.0,0.0
0,1034,-1,0.0,0.0
0,1036,-1,0.0,0.0
0,1037,-1,0.0,0.0
0,1043,-1,0.0,0.0
0,1045,-1,0.0,0.0
0,1046,-1,0.0,0.0
0,1055,-1,0.0,0.0
0,1056,-1,0.0,0.0
0,1057,-1,0.0,0.0
0,1063,-1,0.0,0.0
0,1069,-1,0.0,0.0
0,1074,-1,0.0,0.0
0,1076,-1,0.0,0.0
0,1077,-1,0.0,0.0
0,1078,-1,0.0,0.0
0,1079,-1,0.0,0.0
0,1084,-1,0.0,0.0
0,1085,-1,0.0,0.0
0,1086,-1,0.0,0.0
0,1087,-1,0.0,0.0
0,1088,-1,0.0,0.0
0,1089,-1,0.0,0.0
0,1090,-1,0.0,0.0
0,1102,-1,0.0,0.0
0,1108,-1,0.0,0.0
0,1116,-1,0.0,0.0
0,1163,-1,0.0,0.0
0,1178,-1,0.0,0.0
0,1186,-1,0.0,0.0
0,1188,-1,0.0,0.0
0,1190,-1,0.0,0.0
0,1192,-1,0.0,0.0
0,1194,-1,0.0,0.0
0,1198,-1,0.0,0.0
0,1199,-1,0.0,0.0
0,1200,-1,0.0,0.0
0,1204,-1,0.0,0.0
0,1206,-1,0.0,0.0
0,1210,-1,0.0,0.0
0,1212,-1,0.0,0.0
0,1213,-1,0.0,0.0
0,1218,-1,0.0,0.0
0,1225,-1,0.0,0.0
0,1228,-1,0.0,0.0
0,1230,-1,0.0,0.0
0,1231,-1,0.0,0.0
0,1236,-1,0.0,0.0
0,1239,-1,0.0,0.0
0,1246,-1,0.0,0.0
0,1249,-1,0.0,0.0
0,1250,-1,0.0,0.0
0,1254,-1,0.0,0.0
0,1256,-1,0.0,0.0
0,1258,-1,0.0,0.0
0,1259,-1,0.0,0.0
0,1263,-1,0.0,0.0
0,1264,-1,0.0,0.0
0,1267,-1,0.0,0.0
0,1268,-1,0.0,0.0
0,1270,-1,0.0,0.0
0,1273,-1,0.0,0.0
0,1278,-1,0.0,0.0
0,1281,-1,0.0,0.0
0,1283,-1,0.0,0.0
0,1286,-1,0.0,0.0
0,1287,-1,0.0,0.0
0,1291,-1,0.0,0.0
0,1296,-1,0.0,0.0
0,1299,-1,0.0,0.0
0,1313,-1,0.0,0.0
0,1315,-1,0.0,0.0
0,1320,-1,0.0,0.0
0,1323,-1,0.0,0.0
0,1325,-1,0.0,0.0
0,1330,-1,0.0,0.0
0,1386,-1,0.0,0.0
0,1475,-1,0.0,0.0
0,1503,-1,0.0,0.0
0,1530,-1,0.0,0.0
0,1717,-1,0.0,0.0
0,1889,-1,0.0,0.0
0,1898,-1,0.0,0.0
0,2035,-1,0.0,0.0
0,2078,-1,0.0,0.0
0,2082,-1,0.0,0.0
0,2096,-1,0.0,0.0
0,2377,-1,0.0,0.0
0,2458,-1,0.0,0.0
0,2459,-1,0.0,0.0
0,2477,-1,0.0,0.0
0,2654,-1,0.0,0.0
0,2910,-1,0.0,0.0
0,2987,-1,0.0,0.0
0,2990,-1,0.0,0.0
0,2992,-1,0.0,0.0
0,3005,-1,0.0,0.0
0,3006,-1,0.0,0.0
0,3007,-1,0.0,0.0
0,3011,-1,0.0,0.0
0,3012,-1,0.0,0.0
0,3018,-1,0.0,0.0
0,3019,-1,0.0,0.0
0,3021,-1,0.0,0.0
0,3022,-1,0.0,0.0
0,3029,-1,0.0,0.0
0,3032,-1,0.0,0.0
0,3034,-1,0.0,0.0
0,3035,-1,0.0,0.0
0,3050,-1,0.0,0.0
0,3061,-1,0.0,0.0
0,3110,-1,0.0,0.0
0,3344,-1,0.0,0.0
0,3383,-1,0.0,0.0
0,3384,-1,0.0,0.0
0,3389,-1,0.0,0.0
0,3432,-1,0.0,0.0
0,3448,-1,0.0,0.0
0,3471,-1,0.0,0.0
0,3480,-1,0.0,0.0
0,3501,-1,0.0,0.0
0,3518,-1,0.0,0.0
0,3699,-1,0.0,0.0
0,3714,-1,0.0,0.0
0,3723,-1,0.0,0.0
0,4028,-1,0.0,0.0
0,4049,-1,0.0,0.0
0,4050,-1,0.0,0.0
0,4051,-1,0.0,0.0
0,4070,-1,0.0,0.0
0,4071,-1,0.0,0.0
0,4072,-1,0.0,0.0
0,4075,-1,0.0,0.0
0,4076,-1,0.0,0.0
0,4098,-1,0.0,0.0
0,4120,-1,0.0,0.0
0,4239,-1,0.0,0.0
0,4311,-1,0.0,0.0
0,4331,-1,0.0,0.0
0,4332,-1,0.0,0.0
0,4333,-1,0.0,0.0
0,4337,-1,0.0,0.0
0,4338,-1,0.0,0.0
0,4349,-1,0.0,0.0
0,4351,-1,0.0,0.0
0,4352,-1,0.0,0.0
0,4353,-1,0.0,0.0
0,4354,-1,0.0,0.0
0,4358,-1,0.0,0.0
0,4360,-1,0.0,0.0
0,4448,-1,0.0,0.0
0,4469,-1,0.0,0.0
0,4471,-1,0.0,0.0
0,4494,-1,0.0,0.0
0,4495,-1,0.0,0.0
0,4496,-1,0.0,0.0
0,4497,-1,0.0,0.0
0,4502,-1,0.0,0.0
0,4504,-1,0.0,0.0
0,4505,-1,0.0,0.0
0,4507,-1,0.0,0.0
0,4508,-1,0.0,0.0
0,4510,-1,0.0,0.0
0,4511,-1,0.0,0.0
0,4512,-1,0.0,0.0
0,4514,-1,0.0,0.0
0,4515,-1,0.0,0.0
0,4517,-1,0.0,0.0
0,4518,-1,0.0,0.0
0,4522,-1,0.0,0.0
0,4524,-1,0.0,0.0
0,4531,-1,0.0,0.0
0,4532,-1,0.0,0.0
0,4540,-1,0.0,0.0
0,4541,-1,0.0,0.0
0,4542,-1,0.0,0.0
0,4552,-1,0.0,0.0
0,4562,-1,0.0,0.0
0,4563,-1,0.0,0.0
0,4565,-1,0.0,0.0
0,4570,-1,0.0,0.0
0,4571,-1,0.0,0.0
0,4574,-1,0.0,0.0
0,4578,-1,0.0,0.0
0,4579,-1,0.0,0.0
0,4580,-1,0.0,0.0
0,4582,-1,0.0,0.0
0,4583,-1,0.0,0.0
0,4588,-1,0.0,0.0
0,4591,-1,0.0,0.0
0,4595,-1,0.0,0.0
0,4598,-1,0.0,0.0
0,4599,-1,0.0,0.0
0,4684,-1,0.0,0.0
0,4700,-1,0.0,0.0
0,4711,-1,0.0,0.0
0,4720,-1,0.0,0.0
0,4862,-1,0.0,0.0
0,4868,-1,0.0,0.0
0,4869,-1,0.0,0.0
0,4894,-1,0.0,0.0
0,4930,-1,0.0,0.0
0,4945,-1,0.0,0.0
0,4975,-1,0.0,0.0
0,5019,-1,0.0,0.0
0,5035,-1,0.0,0.0
0,5037,-1,0.0,0.0
0,5041,-1,0.0,0.0
0,5045,-1,0.0,0.0
0,5081,-1,0.0,0.0
0,5090,-1,0.0,0.0
0,5091,-1,0.0,0.0
0,5092,-1,0.0,0.0
0,5096,-1,0.0,0.0
0,5098,-1,0.0,0.0
0,5100,-1,0.0,0.0
0,5128,-1,0.0,0.0
0,5140,-1,0.0,0.0
0,5155,-1,0.0,0.0
0,5168,-1,0.0,0.0
0,5176,-1,0.0,0.0
0,5180,-1,0.0,0.0
0,5200,-1,0.0,0.0
0,5202,-1,0.0,0.0
0,5252,-1,0.0,0.0
0,5254,-1,0.0,0.0
0,5255,-1,0.0,0.0
0,5262,-1,0.0,0.0
0,5292,-1,0.0,0.0
0,5300,-1,0.0,0.0
0,5301,-1,0.0,0.0
0,5302,-1,0.0,0.0
0,5303,-1,0.0,0.0
0,5305,-1,0.0,0.0
0,5312,-1,0.0,0.0
0,5318,-1,0.0,0.0
0,5325,-1,0.0,0.0
0,5346,-1,0.0,0.0
0,5350,-1,0.0,0.0
0,5351,-1,0.0,0.0
0,5352,-1,0.0,0.0
0,5360,-1,0.0,0.0
0,5370,-1,0.0,0.0
0,5378,-1,0.0,0.0
0,5380,-1,0.0,0.0
0,5391,-1,0.0,0.0
0,5408,-1,0.0,0.0
0,5428,-1,0.0,0.0
0,5430,-1,0.0,0.0
0,5434,-1,0.0,0.0
0,5436,-1,0.0,0.0
0,5437,-1,0.0,0.0
0,5449,-1,0.0,0.0
0,5451,-1,0.0,0.0
0,5458,-1,0.0,0.0
0,5470,-1,0.0,0.0
0,5480,-1,0.0,0.0
0,5488,-1,0.0,0.0
0,5500,-1,0.0,0.0
0,5510,-1,0.0,0.0
0,5511,-1,0.0,0.0
0,5518,-1,0.0,0.0
0,5525,-1,0.0,0.0
0,5527,-1,0.0,0.0
0,5531,-1,0.0,0.0
0,5537,-1,0.0,0.0
0,5540,-1,0.0,0.0
0,5550,-1,0.0,0.0
0,5552,-1,0.0,0.0
0,5570,-1,0.0,0.0
0,5572,-1,0.0,0.0
0,5575,-1,0.0,0.0
0,5577,-1,0.0,0.0
0,5580,-1,0.0,0.0
0,5581,-1,0.0,0.0
0,5590,-1,0.0,0.0
0,5597,-1,0.0,0.0
0,5631,-1,0.0,0.0
0,5645,-1,0.0,0.0
0,5679,-1,0.0,0.0
0,5684,-1,0.0,0.0
0,5685,-1,0.0,0.0
0,5688,-1,0.0,0.0
0,5689,-1,0.0,0.0
0,5695,-1,0.0,0.0
0,5699,-1,0.0,0.0
0,5720,-1,0.0,0.0
0,5726,-1,0.0,0.0
0,5731,-1,0.0,0.0
0,5732,-1,0.0,0.0
0,5734,-1,0.0,0.0
0,5739,-1,0.0,0.0
0,5740,-1,0.0,0.0
0,5750,-1,0.0,0.0
0,5752,-1,0.0,0.0
0,5756,-1,0.0,0.0
0,5787,-1,0.0,0.0
0,5797,-1,0.0,0.0
0,5804,-1,0.0,0.0
0,5814,-1,0.0,0.0
0,5836,-1,0.0,0.0
0,5837,-1,0.0,0.0
0,5841,-1,0.0,0.0
0,5860,-1,0.0,0.0
0,5881,-1,0.0,0.0
0,5917,-1,0.0,0.0
0,5923,-1,0.0,0.0
0,5924,-1,0.0,0.0
0,5925,-1,0.0,0.0
0,5926,-1,0.0,0.0
0,5958,-1,0.0,0.0
0,5960,-1,0.0,0.0
0,5989,-1,0.0,0.0
0,5991,-1,0.0,0.0
0,6017,-1,0.0,0.0
0,6032,-1,0.0,0.0
0,6040,-1,0.0,0.0
0,6059,-1,0.0,0.0
0,6060,-1,0.0,0.0
0,6061,-1,0.0,0.0
0,6062,-1,0.0,0.0
0,6067,-1,0.0,0.0
0,6070,-1,0.0,0.0
0,6071,-1,0.0,0.0
0,6075,-1,0.0,0.0
0,6080,-1,0.0,0.0
0,6082,-1,0.0,0.0
0,6101,-1,0.0,0.0
0,6103,-1,0.0,0.0
0,6107,-1,0.0,0.0
0,6130,-1,0.0,0.0
0,6132,-1,0.0,0.0
0,6140,-1,0.0,0.0
0,6141,-1,0.0,0.0
0,6142,-1,0.0,0.0
0,6143,-1,0.0,0.0
0,6146,-1,0.0,0.0
0,6168,-1,0.0,0.0
0,6184,-1,0.0,0.0
0,6204,-1,0.0,0.0
0,6210,-1,0.0,0.0
0,6220,-1,0.0,0.0
0,6221,-1,0.0,0.0
0,6225,-1,0.0,0.0
0,6262,-1,0.0,0.0
0,6280,-1,0.0,0.0
0,6281,-1,0.0,0.0
0,6290,-1,0.0,0.0
0,6291,-1,0.0,0.0
0,6296,-1,0.0,0.0
0,6298,-1,0.0,0.0
0,6299,-1,0.0,0.0
0,6301,-1,0.0,0.0
0,6302,-1,0.0,0.0
0,6315,-1,0.0,0.0
0,6316,-1,0.0,0.0
0,6334,-1,0.0,0.0
0,6349,-1,0.0,0.0
0,6358,-1,0.0,0.0
0,6359,-1,0.0,0.0
0,6360,-1,0.0,0.0
0,6362,-1,0.0,0.0
0,6368,-1,0.0,0.0
0,6369,-1,0.0,0.0
0,6371,-1,0.0,0.0
0,6380,-1,0.0,0.0
0,6400,-1,0.0,0.0
0,6440,-1,0.0,0.0
0,6442,-1,0.0,0.0
0,6443,-1,0.0,0.0
0,6444,-1,0.0,0.0
0,6445,-1,0.0,0.0
0,6446,-1,0.0,0.0
0,6460,-1,0.0,0.0
0,6471,-1,0.0,0.0
0,6476,-1,0.0,0.0
0,6481,-1,0.0,0.0
0,6487,-1,0.0,0.0
0,6489,-1,0.0,0.0
0,6491,-1,0.0,0.0
0,6500,-1,0.0,0.0
0,6507,-1,0.0,0.0
0,6509,-1,0.0,0.0
0,6510,-1,0.0,0.0
0,6511,-1,0.0,0.0
0,6512,-1,0.0,0.0
0,6513,-1,0.0,0.0
0,6514,-1,0.0,0.0
0,6515,-1,0.0,0.0
0,6517,-1,0.0,0.0
0,6521,-1,0.0,0.0
0,6530,-1,0.0,0.0
0,6560,-1,0.0,0.0
0,6562,-1,0.0,0.0
0,6568,-1,0.0,0.0
0,6609,-1,0.0,0.0
0,6616,-1,0.0,0.0
0,6620,-1,0.0,0.0
0,6621,-1,0.0,0.0
0,6623,-1,0.0,0.0
0,6631,-1,0.0,0.0
0,6640,-1,0.0,0.0
0,6641,-1,0.0,0.0
0,6649,-1,0.0,0.0
0,6660,-1,0.0,0.0
0,6661,-1,0.0,0.0
0,6665,-1,0.0,0.0
0,6689,-1,0.0,0.0
0,6700,-1,0.0,0.0
0,6701,-1,0.0,0.0
0,6702,-1,0.0,0.0
0,6703,-1,0.0,0.0
0,6705,-1,0.0,0.0
0,6710,-1,0.0,0.0
0,6712,-1,0.0,0.0
0,6716,-1,0.0,0.0
0,6734,-1,0.0,0.0
0,6738,-1,0.0,0.0
0,6743,-1,0.0,0.0
0,6748,-1,0.0,0.0
0,6754,-1,0.0,0.0
0,6759,-1,0.0,0.0
0,6764,-1,0.0,0.0
0,6766,-1,0.0,0.0
0,6770,-1,0.0,0.0
0,6771,-1,0.0,0.0
0,6772,-1,0.0,0.0
0,6783,-1,0.0,0.0
0,6796,-1,0.0,0.0
0,6800,-1,0.0,0.0
0,6820,-1,0.0,0.0
0,6870,-1,0.0,0.0
0,6893,-1,0.0,0.0
0,6898,-1,0.0,0.0
0,6899,-1,0.0,0.0
0,6930,-1,0.0,0.0
0,6934,-1,0.0,0.0
0,6950,-1,0.0,0.0
0,6990,-1,0.0,0.0
0,7054,-1,0.0,0.0
0,7055,-1,0.0,0.0
0,7058,-1,0.0,0.0
0,7059,-1,0.0,0.0
0,7079,-1,0.0,0.0
0,7080,-1,0.0,0.0
0,7100,-1,0.0,0.0
0,7101,-1,0.0,0.0
0,7102,-1,0.0,0.0
0,7103,-1,0.0,0.0
0,7104,-1,0.0,0.0
0,7105,-1,0.0,0.0
0,7106,-1,0.0,0.0
0,7112,-1,0.0,0.0
0,7113,-1,0.0,0.0
0,7181,-1,0.0,0.0
0,7184,-1,0.0,0.0
0,7186,-1,0.0,0.0
0,7190,-1,0.0,0.0
0,7191,-1,0.0,0.0
0,7197,-1,0.0,0.0
0,7200,-1,0.0,0.0
0,7201,-1,0.0,0.0
0,7203,-1,0.0,0.0
0,7204,-1,0.0,0.0
0,7209,-1,0.0,0.0
0,7212,-1,0.0,0.0
0,7221,-1,0.0,0.0
0,7227,-1,0.0,0.0
0,7230,-1,0.0,0.0
0,7235,-1,0.0,0.0
0,7236,-1,0.0,0.0
0,7237,-1,0.0,0.0
0,7238,-1,0.0,0.0
0,7249,-1,0.0,0.0
0,7257,-1,0.0,0.0
0,7265,-1,0.0,0.0
0,7271,-1,0.0,0.0
0,7279,-1,0.0,0.0
0,7280,-1,0.0,0.0
0,7284,-1,0.0,0.0
0,7289,-1,0.0,0.0
0,7300,-1,0.0,0.0
0,7301,-1,0.0,0.0
0,7302,-1,0.0,0.0
0,7303,-1,0.0,0.0
0,7304,-1,0.0,0.0
0,7305,-1,0.0,0.0
0,7306,-1,0.0,0.0
0,7398,-1,0.0,0.0
0,7401,-1,0.0,0.0
0,7407,-1,0.0,0.0
0,7408,-1,0.0,0.0
0,7410,-1,0.0,0.0
0,7412,-1,0.0,0.0
0,7442,-1,0.0,0.0
0,7448,-1,0.0,0.0
0,7550,-1,0.0,0.0
0,7552,-1,0.0,0.0
0,7566,-1,0.0,0.0
0,7568,-1,0.0,0.0
0,7584,-1,0.0,0.0
0,7591,-1,0.0,0.0
0,7593,-1,0.0,0.0
0,7663,-1,0.0,0.0
0,7691,-1,0.0,0.0
0,7693,-1,0.0,0.0
0,7716,-1,0.0,0.0
0,7732,-1,0.0,0.0
0,7736,-1,0.0,0.0
0,7738,-1,0.0,0.0
0,7749,-1,0.0,0.0
0,7784,-1,0.0,0.0
0,7789,-1,0.0,0.0
0,7801,-1,0.0,0.0
0,7816,-1,0.0,0.0
0,7818,-1,0.0,0.0
0,7819,-1,0.0,0.0
0,7820,-1,0.0,0.0
0,7821,-1,0.0,0.0
0,7822,-1,0.0,0.0
0,7823,-1,0.0,0.0
0,7907,-1,0.0,0.0
0,7911,-1,0.0,0.0
0,7922,-1,0.0,0.0
0,7923,-1,0.0,0.0
0,7926,-1,0.0,0.0
0,7933,-1,0.0,0.0
0,7978,-1,0.0,0.0
0,7979,-1,0.0,0.0
0,7980,-1,0.0,0.0
0,7992,-1,0.0,0.0
0,7996,-1,0.0,0.0
0,8007,-1,0.0,0.0
0,8011,-1,0.0,0.0
0,8062,-1,0.0,0.0
0,8081,-1,0.0,0.0
0,8100,-1,0.0,0.0
0,8101,-1,0.0,0.0
0,8102,-1,0.0,0.0
0,8103,-1,0.0,0.0
0,8104,-1,0.0,0.0
0,8106,-1,0.0,0.0
0,8115,-1,0.0,0.0
0,8116,-1,0.0,0.0
0,8136,-1,0.0,0.0
0,8142,-1,0.0,0.0
0,8145,-1,0.0,0.0
0,8148,-1,0.0,0.0
0,8151,-1,0.0,0.0
0,8154,-1,0.0,0.0
0,8161,-1,0.0,0.0
0,8163,-1,0.0,0.0
0,8165,-1,0.0,0.0
0,8167,-1,0.0,0.0
0,8171,-1,0.0,0.0
0,8172,-1,0.0,0.0
0,8179,-1,0.0,0.0
0,8188,-1,0.0,0.0
0,8194,-1,0.0,0.0
0,8198,-1,0.0,0.0
0,8200,-1,0.0,0.0
0,8201,-1,0.0,0.0
0,8202,-1,0.0,0.0
0,8203,-1,0.0,0.0
0,8204,-1,0.0,0.0
0,8205,-1,0.0,0.0
0,8207,-1,0.0,0.0
0,8213,-1,0.0,0.0
0,8219,-1,0.0,0.0
0,8220,-1,0.0,0.0
0,8240,-1,0.0,0.0
0,8242,-1,0.0,0.0
0,8249,-1,0.0,0.0
0,8250,-1,0.0,0.0
0,8270,-1,0.0,0.0
0,8280,-1,0.0,0.0
0,8290,-1,0.0,0.0
0,8300,-1,0.0,0.0
0,8301,-1,0.0,0.0
0,8302,-1,0.0,0.0
0,8303,-1,0.0,0.0
0,8304,-1,0.0,0.0
0,8307,-1,0.0,0.0
0,8311,-1,0.0,0.0
0,8313,-1,0.0,0.0
0,8319,-1,0.0,0.0
0,8321,-1,0.0,0.0
0,8331,-1,0.0,0.0
0,8338,-1,0.0,0.0
0,8344,-1,0.0,0.0
0,8345,-1,0.0,0.0
0,8366,-1,0.0,0.0
0,8367,-1,0.0,0.0
0,8374,-1,0.0,0.0
0,8377,-1,0.0,0.0
0,8383,-1,0.0,0.0
0,8386,-1,0.0,0.0
0,8389,-1,0.0,0.0
0,8392,-1,0.0,0.0
0,8393,-1,0.0,0.0
0,8396,-1,0.0,0.0
0,8400,-1,0.0,0.0
0,8401,-1,0.0,0.0
0,8402,-1,0.0,0.0
0,8403,-1,0.0,0.0
0,8404,-1,0.0,0.0
0,8405,-1,0.0,0.0
0,8406,-1,0.0,0.0
0,8409,-1,0.0,0.0
0,8432,-1,0.0,0.0
0,8433,-1,0.0,0.0
0,8436,-1,0.0,0.0
0,8437,-1,0.0,0.0
0,8440,-1,0.0,0.0
0,8464,-1,0.0,0.0
0,8475,-1,0.0,0.0
0,8500,-1,0.0,0.0
0,8509,-1,0.0,0.0
0,8511,-1,0.0,0.0
0,8521,-1,0.0,0.0
0,8541,-1,0.0,0.0
0,8585,-1,0.0,0.0
0,8632,-1,0.0,0.0
0,8639,-1,0.0,0.0
0,8643,-1,0.0,0.0
0,8645,-1,0.0,0.0
0,8650,-1,0.0,0.0
0,8657,-1,0.0,0.0
0,8658,-1,0.0,0.0
0,8663,-1,0.0,0.0
0,8700,-1,0.0,0.0
0,8714,-1,0.0,0.0
0,8747,-1,0.0,0.0
0,8752,-1,0.0,0.0
0,8755,-1,0.0,0.0
0,8770,-1,0.0,0.0
0,8791,-1,0.0,0.0
0,8796,-1,0.0,0.0
0,8886,-1,0.0,0.0
0,8892,-1,0.0,0.0
0,8895,-1,0.0,0.0
0,8974,-1,0.0,0.0
0,8980,-1,0.0,0.0
0,8984,-1,0.0,0.0
0,8998,-1,0.0,0.0
0,8999,-1,0.0,0.0
0,9013,-1,0.0,0.0
0,9015,-1,0.0,0.0
0,9016,-1,0.0,0.0
0,9051,-1,0.0,0.0
0,9102,-1,0.0,0.0
0,9123,-1,0.0,0.0
0,9262,-1,0.0,0.0
0,9263,-1,0.0,0.0
0,9278,-1,0.0,0.0
0,9302,-1,0.0,0.0
0,9304,-1,0.0,0.0
0,9357,-1,0.0,0.0
0,9399,-1,0.0,0.0
0,9435,-1,0.0,0.0
0,9440,-1,0.0,0.0
0,9441,-1,0.0,0.0
0,9450,-1,0.0,0.0
0,9469,-1,0.0,0.0
0,9478,-1,0.0,0.0
0,9479,-1,0.0,0.0
0,9482,-1,0.0,0.0
0,9496,-1,0.0,0.0
0,9509,-1,0.0,0.0
0,9533,-1,0.0,0.0
0,9538,-1,0.0,0.0
0,9542,-1,0.0,0.0
0,9543,-1,0.0,0.0
0,9544,-1,0.0,0.0
0,9547,-1,0.0,0.0
0,9569,-1,0.0,0.0
0,9590,-1,0.0,0.0
0,9601,-1,0.0,0.0
0,9608,-1,0.0,0.0
0,9609,-1,0.0,0.0
0,9693,-1,0.0,0.0
0,9697,-1,0.0,0.0
0,9725,-1,0.0,0.0
0,9731,-1,0.0,0.0
0,9738,-1,0.0,0.0
0,9739,-1,0.0,0.0
0,9780,-1,0.0,0.0
0,9783,-1,0.0,0.0
0,9785,-1,0.0,0.0
0,9786,-1,0.0,0.0
0,9787,-1,0.0,0.0
0,9806,-1,0.0,0.0
0,9818,-1,0.0,0.0
0,9819,-1,0.0,0.0
0,9822,-1,0.0,0.0
0,9836,-1,0.0,0.0
0,9840,-1,0.0,0.0
0,9865,-1,0.0,0.0
0,9890,-1,0.0,0.0
0,9892,-1,0.0,0.0
0,9901,-1,0.0,0.0
0,9920,-1,0.0,0.0
0,9951,-1,0.0,0.0
0,9952,-1,0.0,0.0
0,9961,-1,0.0,0.0
0,9970,-1,0.0,0.0
0,9988,-1,0.0,0.0
0,9992,-1,0.0,0.0
0,9994,-1,0.0,0.0
0,9995,-1,0.0,0.0
0,9996,-1,0.0,0.0
0,9997,-1,0.0,0.0
0,10000,-1,0.0,0.0
0,10001,-1,0.0,0.0
0,10003,-1,0.0,0.0
0,10005,-1,0.0,0.0
0,10008,-1,0.0,0.0
0,10009,-1,0.0,0.0
0,10032,-1,0.0,0.0
0,10055,-1,0.0,0.0
0,10056,-1,0.0,0.0
0,10069,-1,0.0,0.0
0,10070,-1,0.0,0.0
0,10081,-1,0.0,0.0
0,10082,-1,0.0,0.0
0,10087,-1,0.0,0.0
0,10094,-1,0.0,0.0
0,10101,-1,0.0,0.0
0,10134,-1,0.0,0.0
0,10136,-1,0.0,0.0
0,10138,-1,0.0,0.0
0,10140,-1,0.0,0.0
0,10212,-1,0.0,0.0
0,10213,-1,0.0,0.0
0,10215,-1,0.0,0.0
0,10216,-1,0.0,0.0
0,10218,-1,0.0,0.0
0,10256,-1,0.0,0.0
0,10257,-1,0.0,0.0
0,10258,-1,0.0,0.0
0,10276,-1,0.0,0.0
0,10282,-1,0.0,0.0
0,10283,-1,0.0,0.0
0,10298,-1,0.0,0.0
0,10307,-1,0.0,0.0
0,10355,-1,0.0,0.0
0,10399,-1,0.0,0.0
0,10425,-1,0.0,0.0
0,10426,-1,0.0,0.0
0,21901,-1,0.0,0.0
0,41004,-1,0.0,0.0
0,41223,-1,0.0,0.0
0,41271,-1,0.0,0.0
0,41301,-1,0.0,0.0
0,41413,-1,0.0,0.0
0,41414,-1,0.0,0.0
0,41415,-1,0.0,0.0
0,41416,-1,0.0,0.0
0,41421,-1,0.0,0.0
0,41450,-1,0.0,0.0
0,41590,-1,0.0,0.0
0,41820,-1,0.0,0.0
0,41821,-1,0.0,0.0
0,41822,-1,0.0,0.0
0,41823,-1,0.0,0.0
0,41824,-1,0.0,0.0
0,41825,-1,0.0,0.0
0,41948,-1,0.0,0.0
0,42066,-1,0.0,0.0
0,42100,-1,0.0,0.0
0,42176,-1,0.0,0.0
0,42182,-1,0.0,0.0
0,42202,-1,0.0,0.0
0,42302,-1,0.0,0.0
0,42322,-1,0.0,0.0
0,42326,-1,0.0,0.0
0,42346,-1,0.0,0.0
0,42352,-1,0.0,0.0
0,42356,-1,0.0,0.0
0,42370,-1,0.0,0.0
0,42378,-1,0.0,0.0
0,42433,-1,0.0,0.0
0,43028,-1,0.0,0.0
0,43042,-1,0.0,0.0
0,43051,-1,0.0,0.0
0,43065,-1,0.0,0.0
0,43096,-1,0.0,0.0
0,43421,-1,0.0,0.0
0,43422,-1,0.0,0.0
0,43425,-1,0.0,0.0
0,43511,-1,0.0,0.0
0,43551,-1,0.0,0.0
0,43559,-1,0.0,0.0
0,43672,-1,0.0,0.0
0,43673,-1,0.0,0.0
0,43797,-1,0.0,0.0
0,43798,-1,0.0,0.0
0,43799,-1,0.0,0.0
0,43800,-1,0.0,0.0
0,43870,-1,0.0,0.0
0,43952,-1,0.0,0.0
0,43954,-1,0.0,0.0
0,43955,-1,0.0,0.0
0,43956,-1,0.0,0.0
0,43957,-1,0.0,0.0
0,43958,-1,0.0,0.0
0,43959,-1,0.0,0.0
0,43970,-1,0.0,0.0
0,43982,-1,0.0,0.0
0,44009,-1,0.0,0.0
0,44011,-1,0.0,0.0
0,44021,-1,0.0,0.0
0,44062,-1,0.0,0.0
0,44066,-1,0.0,0.0
0,44090,-1,0.0,0.0
0,44091,-1,0.0,0.0
0,44092,-1,0.0,0.0
0,44093,-1,0.0,0.0
0,44094,-1,0.0,0.0
0,44096,-1,0.0,0.0
0,44098,-1,0.0,0.0
0,44099,-1,0.0,0.0
0,44106,-1,0.0,0.0
0,44107,-1,0.0,0.0
0,44110,-1,0.0,0.0
0,44118,-1,0.0,0.0
0,44307,-1,0.0,0.0
0,44352,-1,0.0,0.0
0,44353,-1,0.0,0.0
0,44355,-1,0.0,0.0
0,44356,-1,0.0,0.0
0,44358,-1,0.0,0.0
0,44464,-1,0.0,0.0
0,44493,-1,0.0,0.0
0,44494,-1,0.0,0.0
0,44504,-1,0.0,0.0
0,44505,-1,0.0,0.0
0,44506,-1,0.0,0.0
0,44531,-1,0.0,0.0
0,44537,-1,0.0,0.0
0,44546,-1,0.0,0.0
0,44554,-1,0.0,0.0
0,44578,-1,0.0,0.0
0,44583,-1,0.0,0.0
0,44594,-1,0.0,0.0
0,44596,-1,0.0,0.0
0,44601,-1,0.0,0.0
0,44604,-1,0.0,0.0
0,44609,-1,0.0,0.0
0,44610,-1,0.0,0.0
0,44618,-1,0.0,0.0
0,44640,-1,0.0,0.0
0,44652,-1,0.0,0.0
0,44656,-1,0.0,0.0
0,44665,-1,0.0,0.0
0,44668,-1,0.0,0.0
0,44671,-1,0.0,0.0
0,44700,-1,0.0,0.0
0,44705,-1,0.0,0.0
0,44709,-1,0.0,0.0
0,44714,-1,0.0,0.0
0,44773,-1,0.0,0.0
0,44781,-1,0.0,0.0
0,44783,-1,0.0,0.0
0,44790,-1,0.0,0.0
0,44794,-1,0.0,0.0
0,44798,-1,0.0,0.0
0,44807,-1,0.0,0.0
0,44812,-1,0.0,0.0
0,44821,-1,0.0,0.0
0,44822,-1,0.0,0.0
0,44827,-1,0.0,0.0
0,44888,-1,0.0,0.0
0,44940,-1,0.0,0.0
0,44945,-1,0.0,0.0
0,44947,-1,0.0,0.0
0,44957,-1,0.0,0.0
0,44960,-1,0.0,0.0
0,44963,-1,0.0,0.0
0,44978,-1,0.0,0.0
0,44985,-1,0.0,0.0
0,45018,-1,0.0,0.0
0,45019,-1,0.0,0.0
0,45020,-1,0.0,0.0
0,45021,-1,0.0,0.0
0,45022,-1,0.0,0.0
0,45025,-1,0.0,0.0
0,45026,-1,0.0,0.0
0,45028,-1,0.0,0.0
0,45029,-1,0.0,0.0
0,45031,-1,0.0,0.0
0,45032,-1,0.0,0.0
0,45057,-1,0.0,0.0
0,45085,-1,0.0,0.0
0,45086,-1,0.0,0.0
0,45092,-1,0.0,0.0
0,45102,-1,0.0,0.0
0,45125,-1,0.0,0.0
0,45130,-1,0.0,0.0
0,45164,-1,0.0,0.0
0,45198,-1,0.0,0.0
0,45201,-1,0.0,0.0
0,45204,-1,0.0,0.0
0,45207,-1,0.0,0.0
0,45220,-1,0.0,0.0
0,45223,-1,0.0,0.0
0,45270,-1,0.0,0.0
0,45305,-1,0.0,0.0
0,45306,-1,0.0,0.0
0,45307,-1,0.0,0.0
0,45326,-1,0.0,0.0
0,45329,-1,0.0,0.0
0,45330,-1,0.0,0.0
0,45331,-1,0.0,0.0
0,45333,-1,0.0,0.0
0,45344,-1,0.0,0.0
0,45358,-1,0.0,0.0
0,45371,-1,0.0,0.0
0,45375,-1,0.0,0.0
0,45475,-1,0.0,0.0
0,45480,-1,0.0,0.0
0,45530,-1,0.0,0.0
0,45539,-1,0.0,0.0
0,45542,-1,0.0,0.0
0,45545,-1,0.0,0.0
0,45548,-1,0.0,0.0
0,45551,-1,0.0,0.0
0,45554,-1,0.0,0.0
0,45557,-1,0.0,0.0
0,45560,-1,0.0,0.0
0,45583,-1,0.0,0.0
0,45587,-1,0.0,0.0
0,45599,-1,0.0,0.0
0,45611,-1,0.0,0.0
0,45625,-1,0.0,0.0
0,45675,-1,0.0,0.0
0,45682,-1,0.0,0.0
0,45699,-1,0.0,0.0
0,45710,-1,0.0,0.0
0,45729,-1,0.0,0.0
0,45751,-1,0.0,0.0
0,45762,-1,0.0,0.0
0,45773,-1,0.0,0.0
0,45778,-1,0.0,0.0
0,45791,-1,0.0,0.0
0,45828,-1,0.0,0.0
0,45919,-1,0.0,0.0
